time,AAA,BBB,CCC,DDD,EEE
0,8792.0,1200.0,5000.0,9999.0,12000.0
1,8791.34,1200.04,4998.83,9999.45,11999.66
2,8791.58,1200.19,4998.17,9997.68,11999.9
3,8792.03,1200.37,4998.26,9998.29,12000.01
4,8792.25,1200.39,4998.72,9998.06,11998.65
5,8793.62,1200.49,4999.11,9997.75,11999.59
6,8793.28,1200.52,4999.23,9997.53,11996.33
7,8792.81,1200.64,4999.28,9997.28,11997.0
8,8794.11,1200.85,4998.48,9997.3,12001.21
9,8794.49,1200.91,4997.82,9996.79,12001.71
10,8793.92,1200.94,4998.27,9998.42,12002.56
11,8795.88,1200.89,4997.09,9998.09,12001.73
12,8795.93,1200.87,4997.39,9998.59,12001.52
13,8795.38,1200.9,4998.19,9999.38,12001.54
14,8795.88,1200.99,4998.62,9998.44,12004.1
15,8793.86,1201.01,4998.79,9999.0,12006.35
16,8793.16,1200.91,4999.26,9998.45,12005.35
17,8790.88,1200.76,4999.46,9997.44,12006.03
18,8790.79,1200.76,4999.23,9998.94,12009.75
19,8791.64,1201.03,4999.5,9996.81,12009.32
20,8791.62,1201.02,4999.6,9996.36,12008.75
21,8791.02,1201.03,4999.76,9995.94,12008.64
22,8791.32,1201.01,5000.0,9995.59,12007.27
23,8792.19,1201.16,4999.76,9995.38,12007.5
24,8792.55,1201.28,4999.79,9995.61,12009.99
25,8794.17,1201.24,4999.76,9996.13,12011.84
26,8795.84,1201.3,5000.34,9992.02,12012.75
27,8796.98,1201.34,4999.86,9992.58,12014.62
28,8797.51,1201.46,4999.99,9991.59,12015.78
29,8797.91,1201.64,5000.49,9992.82,12014.6
30,8797.26,1201.74,5000.37,9991.08,12014.28
31,8797.51,1201.77,4999.95,9992.15,12013.26
32,8796.96,1201.82,4999.46,9991.22,12012.31
33,8797.1,1201.85,4999.83,9992.17,12010.74
34,8797.59,1202.06,5000.69,9993.03,12011.18
35,8796.51,1201.97,5000.38,9993.76,12010.84
36,8795.12,1201.82,5000.96,9993.54,12009.14
37,8795.93,1201.71,5002.01,9993.46,12008.35
38,8793.76,1201.73,5002.88,9993.66,12008.33
39,8794.44,1201.7,5003.99,9993.42,12008.43
40,8794.38,1201.58,5003.06,9994.33,12007.97
41,8792.85,1201.92,5002.8,9993.3,12009.56
42,8793.55,1202.08,5002.36,9990.05,12008.15
43,8793.5,1202.06,5002.59,9989.51,12007.39
44,8793.95,1201.95,5002.37,9990.08,12007.64
45,8794.24,1201.86,5002.47,9989.09,12004.23
46,8796.42,1201.74,5002.35,9990.16,12004.67
47,8795.9,1201.87,5002.95,9987.93,12005.65
48,8796.03,1201.9,5002.87,9986.87,12005.52
49,8795.03,1201.77,5003.4,9985.59,12006.76
50,8795.59,1201.83,5003.38,9984.28,12008.93
51,8795.41,1202.12,5003.06,9983.97,12008.24
52,8795.27,1202.16,5002.43,9986.7,12008.0
53,8794.77,1202.25,5002.48,9986.87,12010.08
54,8794.54,1202.35,5002.77,9987.34,12008.97
55,8794.88,1202.27,5003.04,9987.1,12008.95
56,8795.94,1202.21,5003.24,9986.54,12009.01
57,8795.54,1202.23,5003.68,9984.52,12010.66
58,8795.23,1202.07,5003.63,9986.16,12008.34
59,8795.26,1201.9,5003.61,9986.49,12007.78
60,8796.33,1201.93,5004.87,9985.19,12009.62
61,8797.41,1201.69,5004.49,9986.66,12010.24
62,8796.6,1201.65,5004.99,9986.42,12008.39
63,8797.91,1201.74,5005.6,9988.56,12008.89
64,8798.73,1201.73,5006.1,9990.01,12008.6
65,8800.62,1201.88,5006.56,9991.25,12008.31
66,8798.25,1201.93,5007.1,9991.95,12008.85
67,8797.52,1201.77,5006.67,9992.53,12007.37
68,8796.92,1201.62,5007.22,9994.43,12008.4
69,8796.05,1201.79,5007.85,9992.49,12009.2
70,8795.84,1201.56,5007.03,9991.28,12008.55
71,8796.01,1201.72,5006.4,9993.59,12009.32
72,8797.33,1201.76,5005.62,9994.88,12009.78
73,8796.75,1202.11,5005.94,9993.67,12010.8
74,8795.19,1202.24,5005.28,9993.99,12012.89
75,8796.26,1202.3,5005.78,9992.67,12013.82
76,8798.24,1202.49,5005.54,9993.57,12013.77
77,8798.41,1202.59,5005.15,9990.71,12011.74
78,8798.56,1202.74,5005.94,9992.53,12013.47
79,8798.42,1202.59,5005.89,9991.84,12012.64
80,8799.91,1202.49,5006.13,9990.87,12011.32
81,8799.46,1202.43,5005.56,9990.96,12011.38
82,8798.29,1202.34,5005.06,9991.4,12010.3
83,8798.08,1202.45,5005.44,9992.26,12010.05
84,8797.95,1202.46,5006.12,9993.13,12010.74
85,8799.13,1202.37,5005.87,9993.43,12011.68
86,8798.2,1202.21,5004.75,9993.3,12008.98
87,8798.07,1202.31,5004.26,9993.97,12010.74
88,8798.26,1202.27,5004.18,9992.83,12010.6
89,8797.41,1202.42,5004.0,9992.87,12009.26
90,8796.52,1202.4,5004.25,9992.19,12010.25
91,8795.37,1202.37,5003.98,9991.07,12010.56
92,8793.64,1202.25,5003.96,9992.63,12009.0
93,8793.41,1202.39,5005.08,9994.57,12007.52
94,8792.3,1202.24,5005.03,9995.65,12008.88
95,8792.64,1202.16,5004.83,9995.89,12008.83
96,8791.89,1202.27,5004.77,9996.69,12007.85
97,8791.32,1202.11,5005.05,9997.98,12006.94
98,8791.38,1201.97,5005.34,9996.78,12005.4
99,8791.9,1202.01,5005.48,9997.65,12004.29
100,8792.8,1202.07,5005.97,9996.67,12004.23
101,8792.01,1202.09,5005.83,9996.75,12004.12
102,8793.64,1202.03,5005.2,9998.63,12003.2
103,8794.22,1202.06,5005.03,9998.61,12004.05
104,8795.44,1202.28,5005.28,9998.3,12005.25
105,8795.43,1202.06,5005.03,9997.6,12006.6
106,8795.29,1202.13,5005.39,9996.67,12005.17
107,8795.75,1202.01,5005.36,9996.82,12008.3
108,8795.79,1202.02,5005.34,9995.54,12007.31
109,8794.95,1202.17,5005.4,9996.58,12006.42
110,8795.68,1202.27,5005.59,9997.64,12005.93
111,8794.95,1202.08,5005.99,9997.64,12006.17
112,8795.04,1202.01,5006.02,9997.74,12006.45
113,8794.78,1202.15,5006.46,9997.55,12006.94
114,8795.27,1202.32,5006.96,9997.33,12008.54
115,8794.2,1202.27,5007.6,9997.37,12007.86
116,8795.81,1202.34,5007.41,9997.87,12008.61
117,8797.33,1202.47,5007.86,9997.81,12010.84
118,8796.94,1202.47,5008.47,9997.46,12009.92
119,8797.3,1202.56,5008.83,9997.96,12010.25
120,8797.67,1202.77,5009.27,9998.62,12011.01
121,8798.04,1202.98,5009.7,9998.91,12011.64
122,8798.55,1203.09,5010.11,9997.58,12010.5
123,8799.57,1203.35,5010.18,9998.42,12012.33
124,8798.16,1203.46,5010.4,9999.0,12010.53
125,8797.75,1203.53,5010.79,9996.51,12011.01
126,8798.82,1203.54,5010.61,9996.93,12009.93
127,8797.07,1203.59,5010.89,9995.95,12008.84
128,8797.19,1203.71,5010.38,9997.08,12007.68
129,8796.37,1203.62,5010.71,9996.24,12008.77
130,8796.64,1203.8,5009.94,9995.67,12009.35
131,8798.21,1203.9,5009.18,9997.14,12010.48
132,8798.45,1203.94,5008.69,9996.39,12008.63
133,8798.33,1203.68,5007.62,9994.82,12008.44
134,8798.89,1203.74,5008.06,9995.59,12009.78
135,8799.83,1203.51,5007.89,9995.6,12010.59
136,8800.41,1203.3,5008.17,9994.75,12012.54
137,8800.1,1203.22,5008.58,9994.5,12009.61
138,8800.41,1203.14,5008.85,9994.03,12010.97
139,8799.34,1203.03,5008.66,9993.86,12012.46
140,8797.58,1203.15,5009.24,9996.04,12012.55
141,8798.19,1203.24,5009.34,9996.8,12010.48
142,8797.89,1203.12,5010.53,9995.69,12012.75
143,8797.99,1203.03,5010.59,9995.39,12012.29
144,8798.21,1203.11,5010.32,9992.75,12012.11
145,8797.41,1203.37,5010.54,9991.57,12010.22
146,8797.85,1203.56,5010.03,9992.11,12009.34
147,8796.61,1203.63,5009.86,9991.74,12010.53
148,8797.0,1203.57,5009.9,9991.66,12010.59
149,8795.52,1203.54,5009.43,9990.41,12010.83
150,8796.02,1203.51,5009.03,9990.92,12011.57
151,8796.04,1203.4,5008.95,9990.01,12011.86
152,8794.57,1203.44,5007.93,9990.12,12010.78
153,8794.84,1203.29,5008.09,9990.84,12010.86
154,8795.74,1203.47,5008.01,9991.29,12010.85
155,8794.6,1203.44,5007.91,9991.68,12010.09
156,8794.99,1203.52,5008.2,9991.56,12010.71
157,8795.34,1203.44,5008.4,9989.84,12011.09
158,8796.6,1203.48,5008.33,9990.23,12011.5
159,8796.83,1203.51,5007.27,9991.37,12012.09
160,8796.79,1203.67,5007.33,9990.63,12012.49
161,8795.34,1203.68,5006.55,9991.95,12013.16
162,8794.92,1203.74,5006.36,9991.59,12011.02
163,8795.27,1203.81,5006.37,9992.28,12009.21
164,8795.79,1203.84,5006.1,9993.36,12007.57
165,8795.04,1203.78,5006.68,9993.03,12008.63
166,8795.89,1203.76,5006.84,9992.81,12010.15
167,8794.58,1203.83,5005.99,9991.19,12010.32
168,8793.9,1204.01,5005.93,9990.94,12008.35
169,8791.45,1203.96,5005.86,9992.59,12007.9
170,8789.27,1204.1,5005.21,9992.06,12008.49
171,8789.08,1203.93,5005.19,9993.1,12005.91
172,8788.5,1203.89,5005.2,9992.53,12004.15
173,8789.04,1203.94,5004.92,9993.13,12002.66
174,8789.98,1203.75,5005.76,9991.63,12004.55
175,8789.3,1203.74,5005.96,9991.91,12004.28
176,8788.98,1203.65,5006.72,9991.97,12006.89
177,8788.21,1203.6,5006.55,9991.54,12005.43
178,8788.61,1203.61,5006.53,9991.79,12005.72
179,8790.21,1204.02,5005.83,9991.59,12003.91
180,8791.15,1204.13,5006.56,9992.8,12002.47
181,8788.85,1204.39,5005.61,9991.61,12003.35
182,8790.03,1204.3,5006.79,9991.19,12003.76
183,8789.33,1204.06,5006.82,9991.87,12005.12
184,8789.83,1203.78,5006.1,9991.0,12004.19
185,8790.63,1203.92,5005.57,9991.6,12006.19
186,8790.42,1203.92,5005.14,9990.72,12007.17
187,8790.84,1203.77,5006.08,9990.1,12008.51
188,8791.55,1203.82,5005.75,9991.97,12009.3
189,8791.03,1203.96,5006.04,9990.65,12008.78
190,8791.78,1203.98,5006.83,9989.24,12007.45
191,8792.95,1204.21,5006.5,9989.61,12008.17
192,8792.03,1204.12,5007.54,9988.73,12008.74
193,8792.01,1204.22,5007.16,9988.39,12007.01
194,8790.4,1204.05,5007.09,9990.97,12007.63
195,8791.81,1203.98,5006.86,9989.07,12006.59
196,8791.2,1203.97,5007.0,9990.16,12007.53
197,8793.08,1204.06,5007.51,9989.09,12007.61
198,8791.78,1204.2,5007.43,9989.66,12008.17
199,8791.87,1204.05,5007.07,9988.49,12005.32
200,8792.47,1204.2,5006.66,9987.56,12005.59
201,8792.23,1204.23,5006.11,9988.0,12005.06
202,8791.9,1204.34,5005.96,9988.36,12005.39
203,8791.92,1204.41,5006.72,9989.57,12006.26
204,8792.0,1204.19,5006.58,9990.48,12007.26
205,8792.73,1204.36,5006.44,9989.02,12007.9
206,8792.27,1204.43,5006.7,9985.93,12007.66
207,8793.04,1204.46,5006.23,9986.64,12009.0
208,8792.27,1204.54,5006.15,9985.33,12009.64
209,8792.14,1204.77,5007.26,9985.01,12010.14
210,8792.23,1204.77,5007.16,9984.62,12008.57
211,8792.7,1204.78,5007.0,9982.53,12007.2
212,8791.28,1204.7,5007.09,9983.5,12006.49
213,8791.28,1204.78,5007.36,9983.9,12004.44
214,8790.47,1204.88,5008.06,9983.27,12004.39
215,8790.37,1205.17,5007.74,9983.25,12003.37
216,8790.97,1205.13,5007.38,9982.67,12003.83
217,8790.66,1205.17,5007.49,9981.4,12003.26
218,8789.66,1205.05,5007.24,9980.58,12003.79
219,8790.4,1205.06,5006.07,9978.56,12001.47
220,8789.96,1205.2,5006.06,9980.1,12003.73
221,8789.45,1205.09,5007.44,9979.8,12002.67
222,8788.31,1204.82,5006.93,9980.94,12003.04
223,8788.33,1204.77,5006.88,9981.51,12003.31
224,8788.25,1204.91,5006.67,9982.19,12003.02
225,8788.17,1205.03,5007.05,9981.43,12002.05
226,8787.92,1204.91,5007.0,9981.31,12000.54
227,8788.36,1205.02,5007.79,9980.44,11999.7
228,8789.93,1204.93,5007.88,9979.13,11999.33
229,8789.62,1204.9,5007.29,9979.2,11998.83
230,8791.19,1204.98,5007.0,9978.9,11996.71
231,8792.21,1205.07,5006.81,9978.52,11996.4
232,8792.25,1205.19,5007.69,9977.69,11997.36
233,8794.85,1205.06,5007.71,9979.73,12000.06
234,8795.77,1205.17,5006.89,9981.77,12000.49
235,8796.71,1204.95,5007.36,9981.85,12001.0
236,8796.9,1205.16,5007.72,9983.79,12001.18
237,8796.31,1205.05,5007.44,9983.84,12000.96
238,8795.97,1204.94,5007.38,9982.95,12001.64
239,8796.45,1204.96,5007.7,9982.52,12001.33
240,8797.82,1204.58,5008.07,9983.99,11999.88
241,8798.15,1204.54,5008.48,9984.45,11998.22
242,8798.02,1204.76,5008.99,9983.06,11998.08
243,8799.66,1204.65,5009.12,9984.33,11997.91
244,8797.73,1204.64,5008.87,9985.71,11997.76
245,8796.21,1204.79,5009.5,9985.8,11999.44
246,8796.26,1204.85,5009.36,9984.02,11999.99
247,8794.39,1204.74,5009.69,9984.19,11999.52
248,8795.49,1204.85,5010.38,9983.37,12000.68
249,8795.51,1204.84,5010.23,9982.62,11998.5
250,8795.92,1205.01,5010.35,9980.72,11998.3
251,8797.25,1204.87,5010.08,9980.84,11997.41
252,8796.1,1205.07,5010.13,9980.15,11997.05
253,8795.82,1205.29,5010.32,9981.03,11995.13
254,8795.91,1205.21,5010.38,9982.34,11995.39
255,8795.44,1205.25,5009.85,9981.46,11993.45
256,8795.62,1205.01,5010.44,9981.02,11992.86
257,8795.76,1204.9,5010.03,9980.77,11992.15
258,8795.45,1204.97,5010.43,9982.39,11991.04
259,8793.85,1204.92,5010.28,9981.37,11992.62
260,8793.38,1204.98,5009.98,9981.72,11993.89
261,8792.14,1204.96,5010.66,9982.97,11995.58
262,8792.73,1205.15,5010.67,9982.45,11995.14
263,8791.24,1205.29,5010.49,9980.51,11994.26
264,8790.43,1205.38,5010.17,9979.55,11994.23
265,8790.54,1205.43,5010.2,9979.09,11994.49
266,8789.72,1205.52,5010.69,9978.41,11994.35
267,8789.8,1205.83,5010.81,9979.24,11993.02
268,8790.12,1206.0,5010.85,9980.03,11991.76
269,8790.57,1206.12,5010.82,9978.69,11991.12
270,8790.27,1206.1,5011.03,9979.88,11991.33
271,8790.56,1206.14,5011.84,9978.42,11993.08
272,8790.55,1206.17,5012.17,9978.98,11994.62
273,8790.89,1206.32,5011.94,9978.96,11995.89
274,8789.41,1206.33,5012.9,9979.58,11997.42
275,8790.27,1206.29,5011.7,9979.95,11996.47
276,8790.87,1206.29,5011.54,9979.08,11999.36
277,8789.98,1206.06,5011.53,9979.63,11999.56
278,8790.92,1205.99,5011.89,9980.14,11998.06
279,8791.79,1205.91,5012.52,9980.74,11997.57
280,8790.81,1205.85,5012.76,9980.45,11995.96
281,8790.87,1205.82,5013.6,9979.27,11996.63
282,8792.2,1205.71,5013.9,9979.35,11996.38
283,8791.14,1205.53,5014.46,9979.46,11995.87
284,8790.03,1205.61,5013.74,9979.74,11997.01
285,8790.47,1205.4,5013.5,9980.13,11998.37
286,8789.91,1205.55,5014.06,9980.95,11997.41
287,8791.71,1205.66,5013.09,9979.34,11997.66
288,8792.05,1205.71,5012.88,9980.45,11995.14
289,8792.16,1205.54,5012.51,9980.49,11994.69
290,8792.62,1205.32,5012.32,9979.45,11995.93
291,8791.88,1205.37,5012.16,9979.18,11996.15
292,8792.44,1205.43,5011.33,9977.51,11996.48
293,8792.0,1205.41,5011.08,9978.73,11995.69
294,8793.26,1205.34,5009.49,9980.43,11996.88
295,8793.22,1205.5,5008.72,9979.98,11996.12
296,8793.48,1205.59,5008.85,9980.18,11994.97
297,8792.67,1205.7,5008.38,9981.58,11994.79
298,8791.54,1205.89,5009.27,9979.85,11994.53
299,8791.88,1205.92,5009.34,9978.26,11994.2
300,8792.58,1206.01,5008.71,9976.64,11993.86
301,8793.28,1206.03,5009.52,9976.86,11995.5
302,8794.83,1205.98,5009.27,9976.87,11997.07
303,8794.1,1206.17,5008.99,9976.75,11996.38
304,8794.74,1206.39,5008.86,9976.28,11994.72
305,8793.34,1206.29,5009.26,9978.27,11997.36
306,8791.96,1206.36,5009.82,9977.38,11997.36
307,8792.34,1206.37,5010.24,9977.24,11996.21
308,8794.44,1206.45,5009.75,9976.56,11996.82
309,8795.25,1206.47,5010.03,9977.61,11993.32
310,8795.55,1206.45,5010.21,9978.53,11992.24
311,8794.44,1206.52,5011.18,9977.56,11991.16
312,8795.01,1206.45,5011.46,9978.02,11990.76
313,8797.91,1206.55,5011.34,9979.16,11991.13
314,8798.18,1206.63,5011.6,9978.05,11991.26
315,8798.01,1206.76,5011.85,9978.82,11989.95
316,8799.25,1206.7,5011.45,9978.33,11990.56
317,8799.82,1206.81,5012.0,9978.51,11990.49
318,8799.89,1206.82,5012.37,9979.13,11990.8
319,8800.7,1206.78,5012.98,9978.46,11991.47
320,8801.51,1206.58,5012.88,9979.69,11990.46
321,8800.38,1206.65,5012.27,9979.71,11991.11
322,8800.34,1206.89,5011.93,9978.45,11993.28
323,8800.41,1206.72,5011.82,9977.84,11994.22
324,8799.62,1206.79,5011.68,9976.93,11994.92
325,8798.94,1206.62,5011.92,9977.49,11994.77
326,8799.92,1206.71,5012.43,9976.31,11992.87
327,8799.48,1206.73,5012.5,9977.13,11993.56
328,8800.82,1206.47,5012.79,9977.98,11992.46
329,8801.59,1206.54,5012.87,9978.22,11989.73
330,8799.98,1206.36,5013.43,9977.35,11990.5
331,8801.1,1206.29,5013.55,9978.21,11990.64
332,8801.09,1206.19,5013.34,9979.45,11990.81
333,8801.01,1206.2,5012.5,9977.92,11992.6
334,8801.45,1206.16,5012.7,9977.39,11992.83
335,8802.59,1206.07,5012.19,9977.42,11992.6
336,8803.05,1206.24,5012.2,9977.85,11993.67
337,8802.23,1206.18,5012.14,9977.42,11992.02
338,8803.94,1206.17,5011.11,9978.51,11992.83
339,8803.57,1206.24,5011.0,9976.28,11992.85
340,8804.49,1206.27,5010.76,9976.0,11992.78
341,8803.34,1206.25,5010.57,9975.46,11992.23
342,8803.61,1206.09,5010.89,9976.96,11994.13
343,8804.53,1206.11,5010.22,9977.54,11994.84
344,8804.03,1206.02,5009.93,9975.62,11992.81
345,8803.45,1206.2,5010.4,9974.51,11992.67
346,8802.29,1206.2,5010.47,9973.2,11991.55
347,8802.65,1206.14,5010.6,9972.77,11990.47
348,8802.4,1206.13,5010.73,9972.51,11988.46
349,8802.98,1206.17,5010.15,9973.37,11989.62
350,8802.9,1205.99,5010.18,9973.86,11988.53
351,8803.37,1205.94,5010.52,9972.86,11989.61
352,8803.27,1205.83,5010.39,9971.76,11990.78
353,8804.53,1205.86,5010.28,9971.8,11990.04
354,8803.38,1205.68,5010.17,9970.94,11990.12
355,8804.04,1205.51,5009.94,9971.3,11990.78
356,8805.25,1205.48,5009.38,9973.39,11989.79
357,8806.15,1205.64,5010.7,9973.74,11989.79
358,8806.72,1205.76,5009.88,9975.45,11991.21
359,8805.16,1205.58,5010.73,9973.56,11992.2
360,8806.14,1205.44,5010.59,9973.24,11991.36
361,8806.38,1205.62,5009.61,9971.77,11990.34
362,8804.89,1205.44,5010.5,9972.38,11992.55
363,8804.75,1205.49,5010.13,9972.03,11990.45
364,8804.86,1205.58,5010.48,9971.54,11988.6
365,8804.45,1205.51,5010.53,9972.35,11989.97
366,8803.08,1205.33,5011.7,9970.87,11990.24
367,8801.75,1205.56,5011.1,9972.05,11990.65
368,8802.24,1205.46,5010.83,9972.7,11993.06
369,8801.21,1205.47,5011.0,9972.47,11992.88
370,8799.78,1205.3,5010.82,9971.67,11991.97
371,8800.11,1205.35,5010.39,9972.44,11990.47
372,8800.52,1205.23,5009.26,9971.59,11990.14
373,8799.78,1205.16,5009.27,9970.78,11989.45
374,8801.15,1205.12,5009.55,9969.15,11989.36
375,8801.11,1204.96,5009.01,9967.56,11990.04
376,8800.54,1205.05,5009.26,9967.5,11988.69
377,8799.46,1205.28,5009.27,9965.79,11987.88
378,8799.39,1205.39,5009.1,9967.83,11987.05
379,8799.06,1205.54,5008.95,9966.87,11988.02
380,8799.55,1205.45,5009.33,9968.39,11989.76
381,8797.93,1205.54,5009.06,9968.65,11988.9
382,8797.31,1205.65,5008.12,9969.46,11989.19
383,8797.06,1205.6,5007.94,9968.76,11985.98
384,8797.44,1205.64,5009.02,9968.16,11986.16
385,8798.64,1205.62,5009.72,9970.44,11986.2
386,8798.24,1205.48,5010.02,9970.52,11983.95
387,8798.54,1205.46,5010.69,9970.78,11982.16
388,8798.34,1205.48,5011.56,9971.09,11982.89
389,8796.74,1205.53,5011.69,9971.91,11983.11
390,8797.16,1205.37,5012.06,9970.44,11982.65
391,8796.72,1205.39,5011.91,9971.23,11982.5
392,8796.13,1205.47,5011.78,9971.45,11981.65
393,8798.02,1205.23,5012.19,9971.12,11984.06
394,8796.64,1205.3,5012.59,9972.55,11984.77
395,8795.0,1205.17,5013.27,9971.74,11984.36
396,8793.55,1204.9,5012.46,9971.26,11984.05
397,8792.72,1204.91,5012.89,9970.46,11981.99
398,8793.41,1204.8,5013.5,9969.58,11981.7
399,8793.37,1204.78,5013.48,9968.11,11980.35
400,8792.82,1204.79,5013.53,9966.5,11980.14
401,8792.25,1204.96,5013.72,9966.1,11979.79
402,8792.66,1204.87,5013.47,9967.26,11980.63
403,8793.98,1204.94,5012.96,9966.76,11978.84
404,8793.35,1204.94,5012.99,9966.34,11980.11
405,8793.51,1204.95,5012.72,9968.02,11978.22
406,8793.12,1205.1,5012.61,9968.27,11978.81
407,8794.24,1205.29,5013.1,9968.18,11978.15
408,8794.5,1205.4,5012.72,9967.45,11978.62
409,8795.34,1205.28,5013.02,9966.46,11978.96
410,8796.25,1205.35,5012.99,9966.18,11979.12
411,8794.94,1205.19,5012.6,9967.17,11978.39
412,8794.93,1205.34,5013.04,9967.4,11979.32
413,8796.13,1205.3,5012.42,9965.04,11977.79
414,8795.98,1205.16,5011.81,9967.33,11977.95
415,8794.06,1205.0,5012.29,9969.55,11977.49
416,8791.97,1204.96,5012.32,9970.51,11977.47
417,8792.71,1204.75,5012.77,9968.81,11976.95
418,8793.21,1204.86,5012.48,9968.7,11975.6
419,8793.46,1204.88,5013.06,9969.15,11974.79
420,8794.27,1204.81,5013.89,9970.91,11974.12
421,8795.59,1204.75,5013.45,9969.95,11973.78
422,8794.8,1204.66,5013.34,9968.89,11972.64
423,8793.06,1204.74,5013.0,9967.07,11972.37
424,8794.33,1204.71,5013.3,9966.26,11971.45
425,8794.58,1204.71,5013.39,9966.15,11970.22
426,8794.07,1204.81,5013.12,9966.83,11970.62
427,8793.77,1204.73,5013.03,9966.13,11972.19
428,8794.55,1204.58,5013.76,9963.81,11971.35
429,8796.85,1204.59,5013.61,9963.63,11972.69
430,8795.86,1204.65,5013.61,9965.22,11973.02
431,8796.82,1204.64,5012.93,9963.76,11974.96
432,8797.57,1204.65,5013.3,9963.07,11974.21
433,8798.55,1204.75,5012.8,9963.5,11977.11
434,8799.11,1204.73,5012.51,9963.92,11977.27
435,8797.71,1204.78,5011.71,9962.67,11976.85
436,8796.74,1204.83,5010.82,9962.71,11975.07
437,8796.33,1205.09,5009.94,9963.32,11974.59
438,8796.92,1204.92,5009.73,9963.02,11973.39
439,8797.09,1204.9,5009.0,9963.23,11973.63
440,8797.65,1204.7,5009.19,9962.33,11972.73
441,8797.17,1204.61,5009.13,9963.42,11971.27
442,8798.54,1204.66,5009.84,9961.8,11970.77
443,8799.3,1204.6,5009.55,9961.72,11971.15
444,8798.98,1204.8,5009.06,9961.79,11970.77
445,8799.04,1204.93,5009.29,9962.56,11971.36
446,8799.16,1204.87,5010.22,9959.58,11970.27
447,8800.21,1205.0,5010.2,9957.42,11969.61
448,8800.26,1204.98,5010.08,9957.29,11968.03
449,8801.25,1204.97,5009.52,9956.2,11967.83
450,8800.49,1205.08,5010.59,9956.04,11968.0
451,8797.82,1205.26,5010.01,9953.87,11968.27
452,8797.4,1205.26,5010.17,9952.78,11968.38
453,8797.08,1205.14,5009.35,9954.55,11970.28
454,8797.96,1204.84,5009.27,9954.72,11969.02
455,8798.27,1204.62,5009.52,9955.02,11968.64
456,8798.6,1204.66,5010.37,9955.41,11969.19
457,8799.27,1204.71,5010.64,9954.57,11969.39
458,8800.51,1204.63,5010.77,9954.49,11969.57
459,8800.96,1204.79,5011.2,9954.37,11967.9
460,8801.96,1204.81,5011.87,9953.04,11969.99
461,8803.88,1204.69,5012.44,9953.46,11969.05
462,8804.81,1204.68,5012.13,9955.64,11969.83
463,8805.55,1204.98,5011.98,9954.12,11971.17
464,8806.14,1204.94,5012.47,9955.48,11970.8
465,8808.03,1204.98,5012.88,9955.32,11972.73
466,8807.94,1204.99,5012.65,9954.25,11974.07
467,8808.17,1205.28,5013.04,9954.14,11975.3
468,8807.94,1205.28,5013.32,9954.95,11976.77
469,8805.97,1205.29,5013.41,9955.03,11977.18
470,8804.61,1205.19,5013.11,9953.66,11976.88
471,8803.4,1205.11,5013.32,9953.78,11976.88
472,8803.75,1205.15,5013.48,9953.85,11975.03
473,8803.95,1205.49,5013.65,9954.76,11973.56
474,8805.14,1205.51,5013.24,9952.41,11972.58
475,8805.7,1205.55,5013.44,9951.27,11971.21
476,8805.82,1205.58,5014.0,9951.11,11972.34
477,8805.18,1205.56,5013.6,9951.31,11971.44
478,8806.7,1205.6,5014.41,9951.15,11971.48
479,8806.53,1205.64,5013.93,9951.39,11971.04
480,8807.9,1205.84,5014.15,9951.27,11970.76
481,8805.6,1205.89,5014.15,9952.49,11971.72
482,8804.28,1206.04,5013.78,9951.02,11970.76
483,8803.56,1205.74,5013.28,9949.73,11973.42
484,8801.91,1205.73,5012.59,9949.79,11975.4
485,8802.62,1205.65,5012.54,9952.33,11974.94
486,8801.49,1205.78,5013.76,9952.06,11972.83
487,8802.11,1205.79,5013.46,9953.05,11973.03
488,8802.15,1205.68,5012.82,9951.87,11976.3
489,8803.82,1205.51,5012.51,9952.13,11975.58
490,8802.49,1205.65,5012.68,9952.21,11973.84
491,8802.82,1205.45,5012.27,9953.08,11975.32
492,8802.62,1205.3,5012.6,9953.31,11974.13
493,8804.94,1205.2,5012.98,9952.27,11973.67
494,8806.37,1205.28,5013.34,9951.47,11973.48
495,8807.7,1205.21,5013.58,9951.51,11974.8
496,8809.53,1205.12,5013.84,9952.06,11974.14
497,8809.91,1205.01,5014.32,9953.12,11974.74
498,8809.77,1205.04,5016.0,9952.63,11975.28
499,8808.98,1204.91,5016.51,9953.09,11975.12
500,8808.79,1204.85,5017.22,9951.52,11975.51
501,8808.78,1204.74,5017.69,9950.92,11976.34
502,8808.05,1204.64,5017.42,9951.71,11975.29
503,8808.85,1204.52,5019.05,9951.35,11978.22
504,8808.68,1204.4,5019.33,9951.87,11974.5
505,8808.92,1204.33,5019.27,9953.16,11974.86
506,8808.7,1204.44,5019.01,9951.99,11973.56
507,8808.08,1204.37,5018.94,9951.34,11973.72
508,8809.49,1204.29,5019.26,9952.54,11974.71
509,8808.1,1204.49,5019.14,9952.58,11974.46
510,8809.43,1204.54,5019.24,9951.77,11973.18
511,8809.54,1204.69,5019.37,9950.99,11971.47
512,8808.67,1204.67,5020.07,9950.96,11971.39
513,8806.21,1204.43,5020.92,9950.03,11971.07
514,8804.27,1204.43,5020.14,9949.89,11971.69
515,8803.82,1204.34,5020.53,9949.82,11972.71
516,8805.22,1204.65,5020.47,9950.61,11972.84
517,8804.67,1204.82,5020.42,9950.87,11971.45
518,8805.0,1204.74,5019.75,9951.3,11971.82
519,8806.68,1204.79,5019.09,9951.35,11971.67
520,8806.72,1204.92,5019.11,9950.9,11971.08
521,8807.34,1205.13,5019.47,9949.78,11970.4
522,8805.51,1204.89,5019.31,9950.25,11969.23
523,8805.26,1204.89,5019.08,9949.96,11968.86
524,8806.12,1204.77,5019.56,9950.62,11969.77
525,8805.13,1204.8,5020.34,9950.06,11970.55
526,8803.66,1204.71,5020.72,9950.81,11971.77
527,8803.18,1204.55,5021.01,9950.69,11972.08
528,8803.01,1204.5,5020.89,9951.45,11971.31
529,8802.56,1204.6,5020.72,9952.75,11972.49
530,8803.4,1204.48,5020.86,9952.71,11973.39
531,8802.84,1204.42,5020.56,9952.81,11974.07
532,8801.66,1204.26,5021.24,9954.15,11973.85
533,8800.71,1204.22,5021.5,9953.32,11974.52
534,8800.43,1204.51,5022.28,9954.09,11974.09
535,8801.25,1204.36,5022.07,9954.06,11973.56
536,8802.26,1204.55,5021.83,9954.21,11975.4
537,8800.97,1204.42,5020.84,9953.25,11975.43
538,8802.19,1204.5,5021.31,9954.4,11976.8
539,8801.29,1204.84,5020.92,9954.28,11976.16
540,8800.63,1204.88,5020.36,9955.45,11974.86
541,8800.44,1205.06,5020.56,9956.34,11976.23
542,8798.96,1205.13,5021.07,9955.61,11975.79
543,8797.82,1205.15,5022.37,9955.87,11974.84
544,8796.66,1205.09,5022.33,9956.03,11973.03
545,8795.16,1205.07,5021.91,9956.39,11972.64
546,8795.25,1205.07,5021.76,9956.81,11973.7
547,8796.06,1205.02,5020.65,9957.82,11975.27
548,8795.28,1204.96,5020.65,9957.36,11975.91
549,8796.28,1205.02,5021.15,9957.6,11976.0
550,8796.54,1205.24,5021.9,9958.35,11978.3
551,8797.85,1205.34,5022.55,9957.6,11979.3
552,8797.28,1205.1,5021.64,9956.66,11979.22
553,8798.16,1204.82,5021.82,9956.74,11978.48
554,8798.38,1204.88,5021.39,9956.31,11977.48
555,8795.98,1204.74,5021.76,9957.25,11978.24
556,8793.93,1204.59,5022.63,9956.68,11976.03
557,8794.3,1204.51,5021.28,9957.84,11975.62
558,8795.26,1204.44,5021.69,9957.26,11974.26
559,8797.41,1204.32,5021.65,9955.22,11973.54
560,8798.65,1204.1,5021.56,9954.7,11973.81
561,8798.31,1204.35,5021.76,9954.49,11974.77
562,8799.37,1204.31,5021.81,9954.49,11971.52
563,8800.86,1204.3,5022.16,9952.56,11971.33
564,8800.26,1204.3,5022.19,9952.57,11971.99
565,8799.79,1204.25,5021.58,9952.65,11972.63
566,8800.06,1204.49,5021.75,9953.34,11973.13
567,8799.1,1204.53,5021.05,9953.9,11974.2
568,8798.95,1204.48,5020.5,9954.94,11974.04
569,8799.66,1204.4,5020.15,9954.2,11971.96
570,8799.14,1204.32,5020.14,9953.67,11971.76
571,8798.28,1204.43,5020.31,9953.57,11969.81
572,8798.16,1204.44,5020.78,9954.2,11970.45
573,8797.19,1204.6,5021.16,9954.88,11968.56
574,8797.91,1204.36,5021.32,9954.32,11967.81
575,8798.26,1204.54,5020.59,9955.08,11966.66
576,8798.33,1204.62,5021.03,9954.47,11967.13
577,8798.42,1204.63,5020.41,9953.29,11965.92
578,8798.65,1204.33,5020.44,9953.78,11966.13
579,8799.25,1204.5,5020.31,9953.5,11963.96
580,8799.69,1204.58,5020.54,9955.48,11963.17
581,8798.58,1204.58,5020.23,9955.63,11962.4
582,8798.32,1204.68,5020.06,9954.92,11960.49
583,8798.68,1204.57,5020.18,9955.62,11961.77
584,8797.53,1204.34,5020.28,9956.78,11961.05
585,8797.35,1204.34,5020.24,9957.14,11961.79
586,8798.51,1204.42,5020.16,9956.53,11960.51
587,8796.61,1204.25,5020.79,9957.49,11959.9
588,8799.45,1204.15,5020.55,9958.83,11958.08
589,8798.0,1204.41,5020.16,9959.47,11957.26
590,8798.79,1204.35,5020.25,9959.44,11957.28
591,8797.3,1204.08,5019.82,9958.83,11957.92
592,8796.75,1204.0,5019.21,9958.68,11956.64
593,8795.86,1203.95,5019.25,9958.16,11957.1
594,8796.42,1204.0,5017.97,9957.36,11958.32
595,8795.76,1203.92,5018.32,9956.59,11959.05
596,8795.15,1204.07,5018.08,9959.02,11960.22
597,8796.6,1204.35,5018.02,9958.59,11960.03
598,8796.84,1204.47,5017.96,9957.21,11962.23
599,8796.14,1204.42,5017.8,9956.4,11962.37
600,8795.99,1204.47,5018.06,9957.27,11963.09
601,8793.54,1204.47,5018.75,9957.98,11963.18
602,8793.79,1204.63,5019.72,9957.54,11961.55
603,8794.1,1204.86,5019.38,9957.51,11961.54
604,8794.28,1204.89,5020.44,9956.38,11960.71
605,8794.91,1205.2,5021.21,9957.93,11960.59
606,8794.52,1205.17,5021.22,9957.14,11960.22
607,8794.48,1205.1,5020.83,9957.25,11960.88
608,8794.35,1205.11,5020.18,9956.75,11960.95
609,8793.19,1204.97,5019.89,9957.3,11959.11
610,8793.17,1205.08,5018.82,9957.06,11958.54
611,8794.51,1204.97,5018.65,9956.85,11958.37
612,8795.09,1204.87,5018.17,9957.68,11960.02
613,8796.29,1204.61,5018.92,9957.39,11959.83
614,8796.16,1204.51,5019.52,9958.02,11960.0
615,8795.26,1204.45,5018.66,9958.85,11961.81
616,8795.04,1204.39,5018.95,9957.92,11959.67
617,8795.85,1204.38,5018.39,9958.31,11958.81
618,8795.25,1204.4,5018.03,9958.13,11956.58
619,8794.86,1204.42,5018.54,9957.23,11955.12
620,8795.54,1204.41,5018.89,9958.36,11954.97
621,8795.49,1204.47,5018.85,9958.65,11953.6
622,8794.47,1204.45,5017.98,9960.23,11952.6
623,8794.7,1204.26,5018.33,9959.41,11952.76
624,8795.33,1204.09,5018.34,9958.98,11952.13
625,8794.54,1204.11,5018.17,9957.33,11951.73
626,8794.25,1204.19,5018.88,9956.25,11950.13
627,8794.05,1204.26,5018.63,9956.36,11948.78
628,8795.27,1204.29,5019.07,9957.87,11947.6
629,8795.57,1204.41,5018.16,9958.59,11948.22
630,8795.98,1204.41,5019.33,9958.55,11948.96
631,8796.14,1204.52,5018.11,9955.67,11949.62
632,8796.03,1204.72,5017.54,9954.51,11950.01
633,8795.46,1204.37,5016.88,9953.95,11949.28
634,8794.84,1204.49,5017.15,9953.22,11948.78
635,8794.88,1204.42,5017.64,9953.68,11948.34
636,8795.15,1204.45,5017.9,9953.63,11949.92
637,8796.5,1204.52,5018.32,9954.3,11951.16
638,8797.1,1204.62,5018.79,9953.81,11950.52
639,8798.28,1204.6,5019.34,9952.84,11951.8
640,8798.23,1204.64,5019.02,9951.9,11951.24
641,8799.3,1204.83,5018.32,9952.46,11948.96
642,8800.97,1204.9,5018.57,9954.29,11947.64
643,8801.08,1204.7,5019.67,9952.8,11948.16
644,8800.31,1204.67,5019.65,9952.2,11949.0
645,8800.37,1204.56,5018.66,9950.52,11949.6
646,8800.51,1204.77,5018.69,9949.55,11950.89
647,8799.85,1204.65,5017.34,9952.24,11949.36
648,8798.79,1204.5,5017.65,9950.5,11948.78
649,8798.17,1204.45,5017.45,9950.53,11947.51
650,8797.94,1204.56,5017.73,9949.1,11948.07
651,8797.49,1204.58,5018.08,9950.18,11947.93
652,8797.18,1204.79,5017.65,9948.57,11946.79
653,8796.76,1204.86,5017.69,9947.69,11946.74
654,8795.1,1204.91,5017.64,9946.25,11948.9
655,8794.46,1204.99,5016.74,9944.73,11946.41
656,8794.69,1205.08,5016.56,9944.95,11948.04
657,8794.48,1205.24,5015.77,9944.82,11946.78
658,8795.78,1205.23,5014.81,9944.61,11944.18
659,8796.38,1205.32,5015.2,9943.6,11943.25
660,8796.77,1205.32,5014.33,9942.29,11942.59
661,8797.21,1205.27,5013.36,9941.92,11940.96
662,8796.21,1205.25,5013.51,9942.64,11941.38
663,8796.9,1205.32,5013.5,9942.48,11942.39
664,8794.73,1205.24,5013.39,9941.51,11941.16
665,8794.22,1205.12,5013.86,9941.16,11942.29
666,8793.39,1205.08,5013.5,9940.87,11941.64
667,8793.76,1205.08,5013.57,9941.95,11942.41
668,8794.32,1205.08,5013.55,9941.79,11942.63
669,8793.76,1204.86,5014.26,9939.87,11944.51
670,8793.15,1205.03,5014.69,9942.51,11945.36
671,8793.7,1205.06,5014.14,9941.93,11944.02
672,8794.2,1204.99,5015.32,9940.98,11944.73
673,8792.8,1205.01,5015.72,9939.87,11945.22
674,8793.13,1204.96,5016.26,9939.28,11945.19
675,8794.35,1204.95,5016.86,9939.27,11945.72
676,8794.79,1205.0,5017.84,9939.98,11944.62
677,8796.4,1204.92,5018.66,9940.3,11945.06
678,8795.67,1205.07,5018.39,9939.8,11944.79
679,8795.75,1204.87,5018.17,9938.87,11943.99
680,8795.99,1204.8,5018.61,9938.37,11945.86
681,8797.91,1204.84,5018.43,9938.72,11945.3
682,8799.29,1204.8,5017.98,9937.9,11945.68
683,8798.3,1204.63,5017.74,9937.41,11946.85
684,8797.49,1204.57,5017.75,9936.43,11947.92
685,8796.51,1204.66,5017.95,9936.41,11948.75
686,8795.72,1204.73,5018.24,9936.49,11948.91
687,8796.17,1204.59,5019.19,9937.71,11949.18
688,8797.58,1204.68,5019.08,9938.49,11949.67
689,8798.86,1204.73,5018.91,9938.77,11947.81
690,8797.87,1204.71,5018.8,9941.01,11947.86
691,8797.59,1204.6,5019.37,9941.7,11946.91
692,8799.02,1204.78,5019.32,9941.75,11946.81
693,8799.41,1204.7,5019.37,9942.62,11945.7
694,8800.14,1204.61,5019.96,9939.92,11945.89
695,8800.53,1204.81,5019.88,9938.77,11945.4
696,8800.6,1204.74,5019.95,9938.3,11943.38
697,8799.89,1204.62,5020.49,9938.99,11942.99
698,8799.99,1204.66,5020.73,9938.4,11942.24
699,8799.36,1204.55,5021.17,9938.67,11942.48
700,8799.89,1204.57,5020.8,9939.6,11943.6
701,8799.4,1204.64,5020.67,9938.25,11942.87
702,8800.56,1204.76,5020.21,9938.82,11944.04
703,8799.12,1204.8,5020.96,9936.58,11941.4
704,8799.34,1204.72,5020.48,9937.03,11940.87
705,8799.73,1204.81,5019.23,9936.45,11940.74
706,8799.98,1204.61,5020.13,9937.95,11939.31
707,8800.07,1204.77,5020.08,9936.68,11938.22
708,8798.96,1204.82,5020.62,9933.48,11935.45
709,8798.91,1204.93,5020.41,9933.64,11935.7
710,8798.2,1204.79,5020.76,9933.44,11935.14
711,8799.62,1204.81,5020.84,9934.28,11934.44
712,8799.93,1204.74,5020.78,9935.3,11933.6
713,8800.33,1204.6,5019.69,9936.16,11932.76
714,8798.3,1204.68,5020.57,9935.05,11932.46
715,8798.14,1204.66,5020.64,9934.45,11930.85
716,8798.42,1204.65,5020.47,9933.33,11932.44
717,8798.99,1204.67,5020.16,9933.08,11933.64
718,8798.92,1204.8,5019.34,9933.38,11934.42
719,8799.39,1204.85,5019.15,9932.72,11932.77
720,8800.5,1204.77,5019.88,9932.48,11933.28
721,8801.73,1204.52,5019.85,9931.6,11935.48
722,8800.86,1204.52,5019.04,9929.75,11936.2
723,8800.9,1204.64,5018.2,9929.45,11933.56
724,8801.79,1204.65,5018.78,9929.99,11933.11
725,8804.48,1204.69,5019.5,9930.63,11933.85
726,8805.01,1204.57,5019.11,9931.97,11934.67
727,8805.76,1204.58,5018.62,9930.29,11935.62
728,8805.74,1204.66,5018.29,9930.89,11936.12
729,8804.55,1204.69,5018.92,9928.99,11936.27
730,8804.54,1204.66,5018.77,9929.8,11936.6
731,8804.64,1204.68,5019.69,9929.72,11936.65
732,8805.25,1204.71,5019.41,9930.03,11938.08
733,8805.7,1204.83,5019.89,9931.38,11937.51
734,8805.41,1204.76,5020.76,9930.07,11937.39
735,8804.92,1204.72,5021.34,9929.95,11937.54
736,8804.36,1204.73,5021.49,9930.09,11939.92
737,8804.53,1204.82,5021.41,9930.32,11939.66
738,8804.11,1204.77,5021.15,9929.27,11938.79
739,8803.99,1204.64,5021.02,9928.41,11938.27
740,8803.89,1204.3,5020.84,9927.36,11939.22
741,8803.73,1204.19,5021.13,9926.68,11938.85
742,8804.18,1204.18,5021.44,9925.97,11937.15
743,8802.99,1204.25,5021.46,9926.36,11937.62
744,8803.6,1204.34,5021.16,9927.11,11938.12
745,8804.87,1204.56,5022.08,9926.76,11937.72
746,8804.38,1204.6,5023.18,9926.5,11940.0
747,8803.18,1204.7,5023.58,9926.54,11941.63
748,8804.1,1204.75,5023.71,9927.7,11942.22
749,8804.24,1204.65,5023.13,9927.9,11943.47
750,8805.41,1204.61,5023.9,9926.83,11942.94
751,8804.43,1204.51,5023.66,9926.68,11940.95
752,8805.88,1204.55,5023.54,9928.47,11940.22
753,8806.58,1204.5,5023.96,9930.23,11940.62
754,8806.75,1204.49,5024.46,9930.81,11941.45
755,8807.75,1204.3,5023.8,9931.59,11941.12
756,8809.65,1204.4,5024.25,9930.71,11939.02
757,8811.3,1204.4,5024.15,9932.42,11938.14
758,8810.93,1204.36,5024.99,9931.99,11937.22
759,8809.86,1204.25,5025.1,9933.13,11937.31
760,8810.93,1204.29,5025.47,9932.08,11935.77
761,8811.09,1204.26,5026.21,9931.93,11935.08
762,8810.49,1204.23,5027.64,9932.27,11936.04
763,8811.57,1204.33,5027.78,9932.25,11937.47
764,8811.08,1204.43,5028.22,9931.96,11939.36
765,8811.94,1204.48,5028.06,9932.13,11940.49
766,8810.86,1204.62,5027.79,9931.92,11939.47
767,8810.66,1204.51,5028.47,9931.4,11939.01
768,8812.61,1204.6,5028.96,9934.47,11937.09
769,8813.4,1204.52,5029.31,9935.2,11937.83
770,8814.03,1204.25,5028.69,9934.4,11939.31
771,8814.45,1204.24,5028.37,9935.15,11939.13
772,8815.25,1204.07,5027.98,9936.25,11938.8
773,8814.8,1203.91,5026.82,9936.98,11939.36
774,8813.95,1203.65,5026.8,9936.3,11939.95
775,8813.37,1203.63,5026.69,9937.76,11938.44
776,8814.11,1203.76,5027.38,9936.38,11938.01
777,8813.2,1203.71,5026.9,9936.89,11938.65
778,8812.2,1203.73,5026.24,9938.09,11938.36
779,8812.09,1203.64,5026.91,9936.12,11937.85
780,8813.54,1203.68,5027.05,9935.22,11939.93
781,8813.14,1203.74,5027.03,9935.23,11938.12
782,8814.46,1203.75,5026.42,9935.17,11938.47
783,8814.35,1203.66,5026.83,9935.36,11937.63
784,8814.52,1203.71,5027.11,9934.8,11936.49
785,8814.65,1203.64,5026.1,9934.63,11935.27
786,8814.79,1203.62,5026.28,9932.79,11936.07
787,8814.23,1203.56,5026.98,9933.38,11936.08
788,8814.77,1203.52,5026.17,9932.96,11935.18
789,8815.78,1203.51,5025.08,9933.85,11936.28
790,8816.26,1203.37,5024.91,9933.1,11936.37
791,8818.05,1203.37,5024.54,9933.26,11936.16
792,8818.97,1203.32,5025.12,9932.59,11936.73
793,8820.03,1203.5,5025.68,9933.88,11935.07
794,8819.85,1203.54,5025.84,9932.98,11935.9
795,8821.03,1203.56,5026.45,9935.04,11938.24
796,8820.74,1203.52,5026.28,9935.87,11938.92
797,8820.72,1203.57,5025.97,9933.67,11938.66
798,8821.14,1203.62,5026.74,9932.72,11937.61
799,8821.07,1203.45,5027.38,9933.65,11938.73
800,8822.17,1203.53,5027.09,9933.52,11938.22
801,8820.8,1203.33,5027.46,9932.53,11939.27
802,8821.42,1203.25,5027.93,9934.38,11939.61
803,8820.37,1203.37,5028.0,9934.54,11938.27
804,8820.65,1203.34,5027.69,9934.95,11941.16
805,8819.39,1203.35,5027.98,9936.18,11940.42
806,8818.14,1203.7,5027.03,9934.89,11942.1
807,8817.9,1203.65,5025.97,9934.56,11942.87
808,8818.41,1203.56,5025.52,9934.4,11942.51
809,8818.98,1203.46,5025.81,9935.34,11942.81
810,8817.41,1203.33,5025.58,9934.39,11944.57
811,8817.59,1203.42,5026.46,9934.18,11945.72
812,8816.89,1203.28,5025.93,9932.61,11944.96
813,8818.08,1203.22,5026.16,9933.58,11944.07
814,8819.05,1203.43,5025.57,9934.29,11945.7
815,8818.45,1203.41,5025.25,9933.69,11945.74
816,8817.26,1203.36,5024.89,9932.99,11946.27
817,8817.39,1203.35,5024.89,9934.87,11946.71
818,8817.47,1203.18,5025.34,9933.65,11945.33
819,8817.85,1203.05,5025.46,9934.37,11945.53
820,8817.87,1202.95,5025.46,9933.82,11946.34
821,8817.79,1203.12,5025.41,9934.91,11945.17
822,8820.03,1203.04,5025.12,9935.31,11945.43
823,8819.46,1202.97,5025.47,9934.74,11944.96
824,8819.8,1202.77,5025.27,9936.28,11944.79
825,8818.27,1202.77,5025.12,9935.74,11944.71
826,8818.44,1202.54,5024.9,9935.67,11944.76
827,8816.74,1202.61,5024.3,9935.66,11945.19
828,8818.59,1202.75,5025.02,9935.52,11944.12
829,8819.72,1202.93,5024.92,9933.44,11944.2
830,8819.27,1203.23,5025.0,9931.86,11944.02
831,8818.95,1203.29,5025.06,9933.34,11944.01
832,8816.64,1203.14,5025.44,9934.41,11945.19
833,8816.65,1203.17,5026.21,9934.28,11945.49
834,8817.09,1203.13,5026.29,9934.6,11945.05
835,8817.22,1203.1,5026.81,9934.43,11945.83
836,8816.58,1203.26,5026.71,9934.77,11942.95
837,8817.16,1203.39,5027.59,9934.54,11944.33
838,8816.81,1203.12,5027.79,9934.2,11945.99
839,8816.74,1203.15,5027.32,9935.15,11944.71
840,8817.04,1203.02,5027.59,9934.1,11945.86
841,8816.38,1202.97,5027.84,9933.89,11947.42
842,8816.05,1202.87,5027.81,9933.25,11945.33
843,8817.37,1202.88,5028.32,9933.37,11944.68
844,8818.14,1202.98,5028.1,9931.54,11944.22
845,8817.94,1203.22,5028.75,9933.45,11946.49
846,8818.17,1203.32,5029.2,9933.44,11946.48
847,8817.54,1203.33,5030.19,9933.28,11947.58
848,8818.33,1203.34,5030.26,9933.26,11946.85
849,8817.81,1203.32,5030.56,9935.03,11949.6
850,8818.61,1203.22,5030.96,9935.24,11948.47
851,8817.95,1203.17,5031.42,9934.33,11949.81
852,8818.02,1203.08,5030.83,9933.8,11948.97
853,8818.45,1202.79,5031.05,9934.5,11950.93
854,8818.11,1202.97,5031.31,9933.51,11952.89
855,8819.37,1202.83,5031.12,9933.46,11950.85
856,8820.3,1202.87,5031.12,9931.42,11949.67
857,8820.03,1203.02,5030.53,9930.26,11950.2
858,8818.71,1203.01,5031.19,9929.92,11946.38
859,8817.98,1202.92,5031.63,9928.85,11943.75
860,8818.8,1202.9,5032.04,9926.6,11944.59
861,8820.1,1202.92,5031.8,9926.25,11944.41
862,8820.98,1202.96,5032.01,9924.96,11943.67
863,8822.03,1203.01,5032.15,9925.5,11944.92
864,8822.0,1203.03,5033.31,9924.4,11942.49
865,8822.7,1202.94,5032.1,9924.11,11940.58
866,8822.29,1202.8,5031.35,9925.35,11941.06
867,8823.66,1202.79,5031.0,9926.69,11942.13
868,8824.11,1202.86,5031.47,9926.21,11942.38
869,8822.97,1202.74,5030.75,9926.62,11944.18
870,8822.59,1202.7,5031.12,9926.63,11946.89
871,8821.06,1202.57,5031.14,9927.92,11944.87
872,8820.02,1202.63,5031.02,9928.08,11944.46
873,8818.89,1202.67,5031.07,9929.92,11943.52
874,8818.21,1202.64,5030.0,9929.51,11941.89
875,8817.41,1202.71,5029.77,9929.24,11942.28
876,8817.3,1202.91,5030.31,9931.03,11943.19
877,8817.6,1202.73,5029.91,9932.76,11943.38
878,8817.95,1202.77,5029.58,9932.36,11944.13
879,8817.57,1202.62,5028.67,9931.56,11944.37
880,8817.19,1202.61,5027.81,9932.01,11944.58
881,8817.42,1202.64,5027.27,9931.62,11943.31
882,8817.75,1202.7,5026.38,9931.0,11944.12
883,8818.72,1202.67,5026.17,9930.19,11946.35
884,8819.04,1202.88,5025.99,9929.36,11945.44
885,8819.08,1202.88,5025.72,9929.17,11944.56
886,8820.39,1202.95,5025.98,9928.99,11943.48
887,8820.63,1202.86,5026.47,9928.07,11942.98
888,8821.11,1202.82,5027.47,9927.36,11942.71
889,8820.29,1202.81,5028.48,9926.56,11942.96
890,8819.25,1202.92,5028.83,9925.59,11941.39
891,8820.45,1202.96,5028.96,9924.22,11941.71
892,8819.85,1202.93,5028.34,9924.27,11941.34
893,8820.19,1202.99,5027.91,9923.84,11941.98
894,8820.72,1202.61,5027.89,9922.39,11940.58
895,8821.93,1202.6,5027.57,9925.39,11939.3
896,8820.76,1202.76,5027.63,9928.42,11938.76
897,8820.28,1202.54,5028.75,9926.54,11941.07
898,8822.25,1202.44,5028.91,9925.78,11943.11
899,8823.72,1202.4,5028.42,9928.05,11940.76
900,8824.14,1202.24,5028.14,9929.03,11939.32
901,8825.39,1202.51,5027.89,9928.35,11940.87
902,8823.55,1202.58,5028.74,9926.83,11941.41
903,8822.5,1202.49,5028.69,9929.22,11943.48
904,8823.39,1202.49,5028.91,9929.36,11941.71
905,8823.37,1202.51,5028.99,9928.4,11941.94
906,8824.01,1202.78,5028.44,9930.5,11943.47
907,8823.79,1202.64,5028.29,9929.71,11942.6
908,8824.26,1202.93,5028.22,9931.24,11943.8
909,8824.47,1202.8,5028.93,9931.25,11945.95
910,8824.04,1202.76,5029.88,9930.11,11945.53
911,8822.65,1202.58,5029.29,9929.83,11944.65
912,8822.08,1202.68,5028.32,9930.49,11943.73
913,8821.0,1202.72,5028.13,9930.2,11943.67
914,8820.97,1202.7,5027.77,9929.26,11943.08
915,8821.55,1202.59,5028.47,9929.07,11942.01
916,8821.51,1202.73,5028.64,9928.37,11941.16
917,8820.93,1202.6,5028.82,9928.28,11940.97
918,8819.84,1202.71,5029.1,9926.32,11941.38
919,8820.23,1202.72,5029.16,9926.91,11941.23
920,8821.31,1202.67,5029.75,9926.51,11943.4
921,8821.81,1202.55,5030.11,9927.51,11940.35
922,8820.76,1202.54,5029.68,9927.02,11938.47
923,8820.32,1202.43,5030.2,9926.43,11938.5
924,8820.4,1202.37,5030.17,9928.0,11937.73
925,8818.95,1202.34,5030.13,9927.81,11938.37
926,8818.88,1202.44,5029.9,9926.84,11938.44
927,8817.04,1202.23,5030.44,9926.55,11939.11
928,8818.65,1202.34,5029.52,9927.48,11940.12
929,8819.4,1202.42,5029.2,9925.93,11941.74
930,8820.53,1202.63,5028.99,9925.85,11941.25
931,8821.35,1202.79,5028.56,9925.2,11940.57
932,8822.47,1202.79,5027.79,9924.55,11939.46
933,8821.39,1202.64,5028.09,9923.52,11939.81
934,8821.13,1202.81,5027.88,9922.72,11937.4
935,8820.4,1202.57,5027.8,9922.77,11936.37
936,8819.61,1202.56,5027.69,9922.43,11935.91
937,8819.18,1202.44,5027.79,9922.93,11934.63
938,8819.19,1202.57,5027.29,9922.89,11935.44
939,8818.73,1202.6,5027.47,9924.47,11933.73
940,8817.67,1202.72,5027.75,9924.52,11934.75
941,8817.67,1202.69,5028.51,9924.19,11937.23
942,8816.84,1202.7,5027.96,9923.03,11936.36
943,8816.08,1202.53,5027.51,9924.2,11934.59
944,8813.48,1202.56,5025.98,9924.45,11934.23
945,8814.51,1202.43,5025.59,9924.72,11933.78
946,8814.53,1202.59,5025.79,9925.13,11933.15
947,8814.23,1202.68,5025.49,9925.1,11932.67
948,8815.45,1202.64,5024.92,9923.31,11932.28
949,8816.73,1202.44,5025.07,9924.04,11931.48
950,8815.81,1202.48,5025.84,9924.3,11930.55
951,8815.45,1202.63,5026.4,9924.21,11931.05
952,8815.2,1202.82,5025.71,9924.4,11930.82
953,8814.95,1202.99,5025.04,9926.53,11929.16
954,8814.18,1203.2,5025.95,9926.27,11927.08
955,8815.21,1203.42,5025.4,9926.27,11924.85
956,8814.58,1203.62,5025.69,9924.48,11925.06
957,8813.24,1203.41,5025.46,9923.95,11925.23
958,8812.46,1203.52,5024.36,9925.21,11924.65
959,8811.68,1203.42,5024.64,9924.75,11923.95
960,8811.78,1203.39,5024.63,9926.55,11921.09
961,8810.47,1203.17,5024.09,9926.36,11921.24
962,8811.36,1203.11,5024.53,9926.6,11921.04
963,8810.98,1203.22,5024.32,9925.79,11919.04
964,8810.99,1203.12,5024.47,9925.37,11919.26
965,8810.85,1203.2,5024.42,9927.0,11921.84
966,8809.74,1203.11,5023.84,9926.74,11920.86
967,8810.07,1203.15,5023.68,9926.45,11919.9
968,8810.19,1202.94,5023.89,9926.85,11919.08
969,8810.53,1203.02,5022.83,9924.56,11918.94
970,8809.58,1203.18,5022.19,9924.67,11919.38
971,8811.16,1203.02,5021.59,9925.39,11920.16
972,8813.06,1203.07,5020.58,9924.58,11919.32
973,8813.86,1203.19,5020.86,9926.25,11920.41
974,8814.8,1203.18,5020.75,9926.54,11918.96
975,8815.23,1203.13,5020.82,9926.55,11918.19
976,8816.39,1203.23,5020.3,9928.09,11917.05
977,8815.64,1203.22,5020.41,9926.58,11915.66
978,8815.28,1203.27,5020.85,9927.56,11915.81
979,8815.7,1203.36,5020.94,9926.16,11916.38
980,8815.98,1203.42,5021.74,9927.39,11919.12
981,8817.13,1203.44,5021.33,9927.27,11916.83
982,8818.25,1203.38,5020.37,9926.28,11917.8
983,8817.58,1203.57,5020.68,9924.19,11916.52
984,8818.15,1203.52,5021.35,9923.64,11915.34
985,8817.72,1203.5,5021.39,9925.4,11912.56
986,8816.31,1203.62,5021.86,9925.2,11915.15
987,8818.03,1203.64,5021.55,9925.5,11914.88
988,8816.19,1203.68,5020.81,9925.41,11914.8
989,8816.93,1203.92,5021.1,9923.41,11913.87
990,8816.88,1203.7,5021.34,9922.63,11912.88
991,8817.77,1203.82,5021.24,9922.76,11913.92
992,8819.09,1203.79,5022.26,9922.03,11913.52
993,8817.75,1203.94,5022.2,9921.17,11912.37
994,8816.11,1203.8,5022.52,9922.06,11912.37
995,8815.3,1203.84,5022.48,9922.88,11914.05
996,8816.97,1203.97,5023.14,9922.37,11914.68
997,8816.23,1204.1,5022.75,9921.91,11916.39
998,8816.14,1204.15,5022.66,9921.52,11915.72
999,8815.27,1204.07,5022.62,9922.14,11913.02
1000,8815.12,1204.0,5022.06,9922.82,11915.25
1001,8814.56,1204.01,5021.51,9923.34,11915.58
1002,8814.42,1203.99,5021.55,9922.05,11916.27
1003,8814.62,1203.98,5021.39,9920.61,11917.62
1004,8812.94,1204.13,5021.92,9919.44,11918.62
1005,8813.28,1204.05,5021.5,9918.03,11919.54
1006,8814.48,1203.98,5021.74,9918.38,11920.61
1007,8814.97,1204.02,5021.2,9917.06,11919.58
1008,8815.24,1204.25,5020.73,9916.72,11919.87
1009,8816.77,1204.32,5019.69,9918.01,11918.94
1010,8815.56,1204.19,5019.55,9917.56,11917.37
1011,8815.49,1204.24,5020.06,9916.42,11915.89
1012,8814.06,1204.17,5019.73,9915.78,11916.48
1013,8815.54,1204.09,5018.85,9913.81,11915.78
1014,8816.33,1203.94,5018.09,9914.45,11915.43
1015,8817.83,1203.99,5018.15,9914.56,11914.36
1016,8817.51,1204.09,5018.53,9916.77,11914.07
1017,8818.95,1204.29,5019.21,9915.78,11916.51
1018,8817.51,1204.49,5019.39,9915.25,11917.01
1019,8819.12,1204.49,5019.15,9913.82,11918.45
1020,8819.14,1204.71,5019.26,9912.05,11918.43
1021,8816.53,1204.59,5019.17,9912.08,11919.81
1022,8816.47,1204.77,5019.52,9910.47,11919.7
1023,8815.01,1204.8,5019.14,9911.27,11918.96
1024,8814.41,1204.77,5019.17,9911.68,11918.9
1025,8813.31,1204.74,5019.2,9912.24,11918.8
1026,8812.82,1204.76,5018.58,9913.44,11920.26
1027,8812.73,1204.83,5017.6,9912.68,11920.24
1028,8810.55,1204.77,5017.99,9911.28,11919.06
1029,8810.33,1204.9,5016.8,9912.86,11919.07
1030,8810.26,1204.95,5016.54,9912.36,11918.39
1031,8811.0,1205.02,5015.9,9913.49,11920.31
1032,8810.0,1205.1,5015.67,9912.86,11920.57
1033,8810.11,1205.29,5015.71,9913.58,11922.42
1034,8809.87,1205.14,5015.94,9913.57,11925.15
1035,8810.41,1205.06,5016.14,9913.88,11926.35
1036,8810.68,1205.07,5015.64,9915.76,11928.64
1037,8810.4,1205.2,5015.18,9914.87,11927.88
1038,8809.52,1205.27,5014.8,9913.39,11928.0
1039,8808.66,1205.28,5014.26,9914.08,11926.24
1040,8809.24,1205.08,5013.91,9914.92,11926.33
1041,8810.12,1205.01,5014.61,9916.95,11926.49
1042,8810.32,1205.19,5014.62,9916.08,11925.74
1043,8809.06,1205.17,5015.29,9915.3,11926.5
1044,8809.22,1205.15,5014.28,9915.62,11926.7
1045,8808.88,1204.99,5013.82,9916.38,11926.75
1046,8808.51,1204.96,5014.13,9915.26,11925.01
1047,8807.5,1204.98,5013.81,9914.87,11924.97
1048,8807.13,1204.98,5013.8,9914.45,11925.31
1049,8805.79,1204.99,5014.75,9913.53,11924.99
1050,8805.77,1205.07,5014.9,9913.85,11922.96
1051,8805.49,1205.12,5014.11,9914.47,11924.87
1052,8805.66,1205.17,5014.28,9914.21,11927.52
1053,8806.89,1205.13,5014.39,9913.56,11927.39
1054,8806.34,1204.73,5014.04,9914.53,11929.22
1055,8805.5,1204.92,5014.24,9914.83,11926.38
1056,8805.55,1204.84,5013.96,9914.56,11927.74
1057,8805.49,1204.96,5013.75,9915.96,11927.71
1058,8805.16,1205.07,5013.7,9916.45,11928.22
1059,8805.1,1205.07,5015.02,9915.38,11928.26
1060,8806.48,1204.96,5015.28,9915.77,11928.87
1061,8808.27,1204.93,5014.1,9915.4,11928.61
1062,8807.91,1205.08,5013.57,9915.42,11928.61
1063,8808.8,1204.93,5013.03,9915.59,11929.24
1064,8808.77,1204.69,5013.23,9916.84,11927.84
1065,8808.83,1204.69,5013.74,9916.59,11928.89
1066,8809.47,1204.85,5014.11,9917.5,11928.27
1067,8809.52,1204.98,5013.99,9918.37,11928.83
1068,8806.77,1204.99,5013.68,9917.62,11928.58
1069,8806.9,1205.1,5014.03,9917.84,11926.57
1070,8805.9,1205.03,5013.53,9919.23,11926.85
1071,8805.38,1205.35,5013.8,9918.87,11927.41
1072,8805.76,1205.4,5013.55,9921.34,11926.04
1073,8804.59,1205.28,5013.91,9923.54,11924.84
1074,8805.8,1205.48,5014.87,9922.19,11926.26
1075,8805.39,1205.53,5014.79,9921.72,11926.21
1076,8806.14,1205.83,5015.03,9921.43,11926.8
1077,8805.88,1206.09,5014.73,9921.12,11926.02
1078,8805.62,1205.99,5015.03,9920.08,11927.04
1079,8805.91,1205.86,5015.44,9920.88,11928.02
1080,8805.45,1205.8,5015.4,9921.61,11926.78
1081,8803.96,1205.78,5015.1,9919.96,11926.36
1082,8803.22,1206.03,5015.35,9920.36,11928.23
1083,8803.05,1205.8,5015.52,9921.02,11929.91
1084,8803.77,1205.86,5016.2,9921.81,11932.28
1085,8802.89,1205.85,5015.75,9921.27,11932.75
1086,8802.83,1205.92,5015.41,9921.11,11932.05
1087,8802.88,1205.67,5015.37,9921.69,11930.04
1088,8802.97,1205.49,5016.1,9920.09,11931.87
1089,8801.91,1205.51,5015.36,9917.94,11934.66
1090,8802.1,1205.43,5015.12,9916.05,11934.78
1091,8802.92,1205.28,5014.34,9917.14,11933.47
1092,8801.93,1205.4,5014.49,9917.63,11931.98
1093,8801.73,1205.46,5015.15,9917.37,11932.39
1094,8800.76,1205.44,5014.73,9918.4,11930.38
1095,8800.19,1205.56,5014.6,9918.46,11930.62
1096,8801.72,1205.44,5015.29,9918.18,11931.63
1097,8801.07,1205.54,5015.73,9919.57,11932.31
1098,8801.48,1205.5,5015.95,9919.68,11932.54
1099,8801.3,1205.62,5015.44,9919.43,11931.49
1100,8802.93,1205.68,5015.78,9919.9,11930.88
1101,8805.27,1205.6,5015.08,9918.37,11931.54
1102,8805.86,1205.77,5013.92,9919.11,11930.3
1103,8805.78,1205.61,5015.06,9918.98,11930.19
1104,8806.19,1205.54,5015.26,9919.0,11929.76
1105,8806.11,1205.42,5015.57,9919.32,11928.38
1106,8805.11,1205.3,5014.61,9920.0,11929.4
1107,8805.44,1205.29,5014.32,9920.62,11928.21
1108,8805.03,1205.26,5013.96,9919.87,11929.23
1109,8806.52,1205.29,5014.6,9921.2,11928.92
1110,8805.54,1205.09,5014.62,9922.24,11929.11
1111,8806.84,1204.99,5014.63,9921.71,11930.16
1112,8807.08,1204.97,5014.4,9924.17,11929.12
1113,8806.52,1205.04,5014.2,9925.27,11928.68
1114,8806.3,1205.11,5013.96,9925.46,11929.37
1115,8806.81,1205.18,5013.8,9927.14,11930.07
1116,8805.6,1205.19,5013.72,9925.93,11928.94
1117,8804.42,1205.37,5013.19,9925.72,11930.4
1118,8803.12,1205.35,5013.46,9925.52,11930.47
1119,8802.89,1205.29,5014.01,9924.65,11931.81
1120,8802.06,1205.12,5013.62,9923.65,11930.56
1121,8802.81,1205.29,5013.8,9923.23,11932.12
1122,8803.49,1205.27,5013.24,9923.88,11928.95
1123,8803.82,1205.15,5012.66,9925.44,11929.32
1124,8804.9,1205.11,5012.19,9925.39,11930.51
1125,8804.99,1205.13,5011.87,9925.72,11929.89
1126,8805.42,1205.07,5011.75,9927.13,11930.59
1127,8804.91,1205.13,5011.54,9925.64,11933.26
1128,8806.05,1205.19,5010.49,9927.53,11933.17
1129,8805.68,1205.34,5010.49,9928.66,11933.48
1130,8806.05,1205.25,5010.77,9928.55,11932.5
1131,8807.59,1205.29,5010.66,9928.39,11932.28
1132,8807.89,1205.27,5010.91,9925.94,11935.02
1133,8806.98,1205.28,5010.98,9926.73,11934.65
1134,8806.54,1205.22,5011.1,9927.2,11934.57
1135,8806.5,1205.04,5011.17,9926.24,11936.09
1136,8806.17,1204.95,5011.27,9926.95,11937.28
1137,8805.57,1205.01,5011.28,9925.72,11937.91
1138,8805.24,1204.98,5011.01,9926.07,11938.7
1139,8805.31,1204.9,5010.18,9925.4,11939.15
1140,8805.52,1204.74,5010.31,9925.67,11938.63
1141,8805.67,1204.66,5009.59,9926.8,11939.24
1142,8804.37,1204.9,5009.32,9925.68,11940.86
1143,8805.49,1205.04,5008.93,9926.82,11940.31
1144,8806.14,1204.95,5009.33,9925.29,11941.38
1145,8807.13,1204.87,5010.12,9925.35,11940.3
1146,8807.61,1204.82,5010.1,9923.02,11940.3
1147,8806.97,1204.63,5009.25,9922.57,11941.87
1148,8807.78,1204.37,5008.17,9922.32,11941.28
1149,8807.06,1204.45,5007.97,9922.63,11942.18
1150,8807.19,1204.64,5007.77,9922.21,11942.87
1151,8806.91,1204.48,5008.28,9921.82,11942.12
1152,8808.05,1204.17,5007.55,9922.95,11942.23
1153,8807.45,1204.18,5007.84,9922.84,11940.78
1154,8807.11,1204.26,5007.45,9924.32,11941.59
1155,8806.4,1204.37,5008.35,9922.72,11939.62
1156,8805.95,1204.36,5007.88,9921.36,11939.24
1157,8806.21,1204.32,5007.7,9920.18,11935.94
1158,8806.65,1204.46,5007.64,9919.38,11938.05
1159,8805.77,1204.42,5007.06,9918.44,11936.95
1160,8804.86,1204.41,5008.11,9919.24,11937.0
1161,8806.31,1204.47,5008.64,9919.38,11936.87
1162,8806.97,1204.39,5009.01,9919.96,11938.27
1163,8808.13,1204.3,5010.1,9919.37,11937.51
1164,8808.27,1204.24,5009.68,9920.53,11939.21
1165,8809.01,1204.24,5010.47,9919.91,11940.21
1166,8809.82,1204.18,5010.0,9918.89,11939.1
1167,8810.79,1204.19,5010.44,9919.28,11941.41
1168,8810.04,1204.12,5010.51,9918.98,11942.72
1169,8810.79,1204.03,5010.29,9920.83,11943.26
1170,8812.11,1204.03,5010.92,9922.33,11942.49
1171,8811.44,1204.26,5011.65,9922.91,11941.96
1172,8809.76,1204.05,5010.96,9922.88,11942.42
1173,8809.83,1203.99,5010.64,9923.37,11942.66
1174,8809.31,1204.04,5010.03,9923.92,11942.85
1175,8809.82,1204.1,5009.69,9923.95,11943.16
1176,8808.86,1204.16,5009.89,9923.9,11942.72
1177,8809.28,1204.23,5010.26,9925.08,11941.79
1178,8809.19,1204.1,5010.78,9925.87,11941.72
1179,8809.53,1204.06,5010.24,9926.63,11943.57
1180,8810.44,1204.3,5010.65,9925.82,11944.01
1181,8812.09,1204.28,5009.95,9926.9,11944.6
1182,8811.39,1204.35,5009.24,9926.81,11947.07
1183,8812.29,1204.36,5010.03,9926.83,11947.63
1184,8812.11,1204.35,5010.1,9928.64,11946.98
1185,8812.92,1204.42,5010.85,9928.75,11947.11
1186,8813.52,1204.69,5010.16,9929.04,11946.36
1187,8814.07,1204.36,5009.65,9927.59,11946.63
1188,8814.66,1204.37,5009.21,9928.13,11945.91
1189,8814.88,1204.5,5008.32,9928.27,11944.15
1190,8814.23,1204.6,5007.72,9928.57,11943.36
1191,8813.75,1204.53,5008.18,9929.02,11942.76
1192,8814.75,1204.47,5007.35,9929.78,11943.56
1193,8815.23,1204.61,5007.1,9930.22,11942.24
1194,8813.88,1204.48,5007.32,9929.63,11941.95
1195,8814.14,1204.49,5007.28,9928.19,11941.61
1196,8812.9,1204.42,5006.86,9926.12,11942.81
1197,8813.67,1204.41,5007.85,9927.29,11942.65
1198,8813.2,1204.47,5008.46,9927.19,11944.95
1199,8813.16,1204.28,5009.02,9927.13,11943.23
1200,8813.08,1204.47,5008.84,9928.48,11944.27
1201,8811.86,1204.09,5008.62,9930.04,11942.51
1202,8813.74,1204.12,5009.1,9930.54,11940.78
1203,8814.03,1204.09,5009.42,9930.73,11942.44
1204,8813.97,1204.08,5009.13,9930.58,11942.3
1205,8813.68,1204.1,5008.85,9930.12,11941.47
1206,8815.98,1203.96,5008.69,9928.2,11941.17
1207,8814.77,1204.08,5009.05,9927.43,11943.16
1208,8815.89,1204.11,5008.73,9927.72,11942.06
1209,8815.92,1204.01,5008.54,9929.52,11943.27
1210,8815.62,1204.16,5008.18,9930.73,11943.19
1211,8816.03,1204.13,5008.29,9929.28,11944.02
1212,8814.82,1204.12,5007.72,9929.56,11944.75
1213,8815.39,1204.09,5008.05,9931.39,11945.2
1214,8816.23,1203.93,5007.9,9931.86,11946.1
1215,8816.65,1203.93,5007.25,9931.11,11945.99
1216,8817.43,1204.17,5007.01,9929.95,11947.25
1217,8816.47,1204.09,5006.7,9927.62,11946.59
1218,8818.52,1204.1,5007.59,9927.66,11947.91
1219,8818.07,1203.92,5007.48,9927.22,11948.51
1220,8817.2,1203.8,5007.54,9926.63,11947.23
1221,8817.8,1203.61,5006.1,9926.41,11946.83
1222,8817.59,1203.55,5006.66,9924.86,11947.4
1223,8817.75,1203.5,5007.13,9925.46,11947.76
1224,8817.67,1203.44,5006.8,9925.92,11948.41
1225,8816.72,1203.55,5005.31,9925.2,11948.31
1226,8816.32,1203.71,5005.64,9925.27,11946.62
1227,8816.69,1203.72,5004.84,9924.93,11946.39
1228,8817.87,1203.76,5004.63,9925.83,11945.27
1229,8817.55,1203.86,5004.08,9925.16,11943.96
1230,8817.97,1204.04,5003.74,9923.98,11943.68
1231,8818.07,1204.24,5003.81,9924.1,11941.69
1232,8817.54,1204.34,5004.16,9924.18,11942.18
1233,8818.1,1204.4,5003.19,9923.68,11940.21
1234,8817.29,1204.49,5003.51,9923.15,11940.34
1235,8817.15,1204.39,5003.29,9924.75,11939.69
1236,8817.84,1204.1,5002.36,9925.77,11940.06
1237,8817.94,1203.85,5002.86,9924.91,11942.12
1238,8817.61,1203.81,5002.87,9925.74,11942.46
1239,8818.12,1203.9,5002.7,9924.07,11943.01
1240,8816.96,1203.9,5001.65,9923.82,11942.81
1241,8817.1,1204.02,5001.1,9924.07,11941.32
1242,8816.52,1204.08,5001.08,9924.83,11942.41
1243,8817.7,1204.09,5001.17,9924.13,11942.46
1244,8817.06,1204.0,5001.57,9923.07,11942.56
1245,8815.89,1203.97,5001.79,9924.5,11942.28
1246,8815.65,1203.81,5001.13,9924.81,11941.75
1247,8815.39,1203.78,5001.79,9925.47,11942.49
1248,8815.66,1203.84,5001.56,9925.23,11944.57
1249,8815.17,1203.75,5002.0,9924.95,11943.94
1250,8815.47,1203.73,5002.1,9923.73,11944.43
1251,8815.16,1203.75,5002.66,9923.01,11945.38
1252,8813.8,1203.89,5002.6,9923.04,11943.59
1253,8813.62,1204.14,5002.25,9923.21,11942.35
1254,8812.83,1204.12,5002.34,9923.46,11942.77
1255,8813.93,1204.06,5002.62,9923.67,11944.99
1256,8812.55,1204.26,5001.92,9923.31,11943.91
1257,8812.14,1204.5,5002.36,9924.31,11944.02
1258,8813.67,1204.45,5002.64,9923.03,11942.08
1259,8814.01,1204.69,5002.69,9925.17,11941.59
1260,8815.16,1204.83,5002.32,9926.34,11942.45
1261,8814.72,1204.78,5002.62,9925.8,11943.14
1262,8815.08,1204.87,5002.19,9926.53,11941.67
1263,8815.39,1204.74,5002.56,9925.0,11941.57
1264,8813.76,1204.66,5001.83,9924.49,11942.81
1265,8812.12,1204.71,5001.45,9924.22,11945.72
1266,8812.77,1204.87,5001.8,9923.3,11945.61
1267,8813.09,1204.8,5001.21,9923.99,11947.07
1268,8813.75,1204.53,5001.68,9923.79,11945.43
1269,8813.34,1204.74,5002.35,9923.3,11945.44
1270,8813.34,1204.71,5003.06,9923.13,11944.01
1271,8814.75,1204.58,5002.29,9922.96,11942.8
1272,8814.15,1204.59,5001.88,9922.4,11941.92
1273,8813.19,1204.6,5002.52,9921.47,11943.04
1274,8812.33,1204.52,5002.13,9922.55,11942.73
1275,8812.99,1204.68,5002.51,9924.42,11943.31
1276,8813.37,1204.5,5001.99,9923.87,11943.92
1277,8812.93,1204.51,5001.79,9923.24,11945.34
1278,8812.67,1204.65,5001.77,9922.06,11945.29
1279,8812.1,1204.65,5002.4,9922.24,11944.18
1280,8812.06,1204.82,5002.62,9923.82,11943.23
1281,8813.65,1204.84,5002.72,9923.66,11940.85
1282,8814.65,1205.1,5002.38,9926.54,11939.43
1283,8813.51,1204.99,5002.96,9925.31,11937.69
1284,8813.24,1205.23,5002.99,9926.55,11936.63
1285,8812.31,1205.45,5003.43,9924.39,11935.87
1286,8812.71,1205.53,5003.73,9924.47,11932.26
1287,8811.19,1205.4,5003.17,9924.59,11932.63
1288,8812.67,1205.49,5003.06,9924.3,11929.83
1289,8812.88,1205.46,5004.0,9926.0,11929.27
1290,8812.08,1205.23,5004.36,9924.77,11927.45
1291,8811.78,1205.15,5004.41,9923.75,11926.14
1292,8811.13,1205.38,5003.55,9922.46,11926.61
1293,8811.83,1205.51,5002.29,9921.41,11929.47
1294,8813.54,1205.38,5001.69,9920.03,11927.88
1295,8812.67,1205.45,5002.45,9921.24,11927.03
1296,8810.57,1205.42,5002.38,9921.19,11926.42
1297,8810.51,1205.28,5001.53,9920.46,11928.17
1298,8811.04,1205.39,5001.75,9921.05,11926.75
1299,8809.95,1205.41,5002.49,9920.21,11929.41
1300,8809.6,1205.21,5002.15,9918.55,11928.23
1301,8808.16,1205.05,5002.54,9919.07,11926.85
1302,8808.94,1205.06,5002.08,9916.91,11926.29
1303,8809.6,1205.14,5001.76,9917.96,11925.61
1304,8810.82,1205.21,5001.17,9917.64,11923.87
1305,8811.27,1205.14,5000.87,9918.35,11924.15
1306,8811.67,1205.12,5000.55,9917.67,11922.3
1307,8812.29,1205.28,5000.78,9917.39,11921.51
1308,8812.66,1205.02,4999.95,9918.91,11919.32
1309,8811.4,1204.81,5000.43,9920.02,11919.76
1310,8813.01,1204.72,5000.31,9921.18,11920.04
1311,8815.29,1204.85,5000.11,9921.16,11919.71
1312,8816.01,1204.86,5000.42,9923.05,11920.62
1313,8814.36,1204.69,5000.93,9923.07,11920.58
1314,8815.58,1204.62,5000.35,9922.77,11921.19
1315,8815.19,1204.55,5001.35,9922.04,11921.84
1316,8816.09,1204.64,5001.14,9920.89,11922.06
1317,8817.48,1204.72,5001.42,9922.61,11922.3
1318,8817.28,1204.6,5001.58,9924.4,11921.99
1319,8818.07,1204.71,5000.99,9923.6,11921.03
1320,8817.86,1204.66,5001.38,9924.33,11924.06
1321,8818.45,1204.64,5001.88,9924.99,11924.08
1322,8818.59,1204.46,5002.61,9924.86,11923.86
1323,8817.67,1204.46,5001.82,9926.76,11924.65
1324,8818.18,1204.63,5001.29,9927.85,11924.33
1325,8816.55,1204.67,5002.02,9928.13,11922.55
1326,8817.7,1204.66,5001.67,9927.32,11922.2
1327,8813.85,1204.53,5002.32,9929.66,11921.99
1328,8813.12,1204.38,5002.96,9928.32,11923.29
1329,8812.67,1204.63,5002.56,9928.73,11922.16
1330,8812.41,1204.65,5002.37,9928.54,11922.32
1331,8812.67,1204.76,5001.27,9928.55,11922.61
1332,8813.97,1204.86,5001.99,9929.2,11924.75
1333,8814.09,1204.75,5001.12,9932.11,11924.78
1334,8813.99,1204.87,5001.15,9931.69,11926.85
1335,8812.31,1205.01,5000.68,9932.01,11924.56
1336,8812.55,1204.96,5000.55,9933.1,11924.37
1337,8813.99,1205.0,5000.96,9932.61,11924.1
1338,8813.8,1205.02,5000.0,9933.44,11922.84
1339,8815.05,1205.41,4999.62,9932.37,11922.43
1340,8816.21,1205.31,4999.55,9931.62,11922.18
1341,8816.31,1205.02,4999.29,9932.54,11923.85
1342,8816.68,1205.02,4999.95,9931.95,11924.95
1343,8816.3,1205.05,4999.49,9932.48,11923.83
1344,8816.76,1205.18,4999.64,9930.92,11922.81
1345,8816.5,1205.21,4999.58,9930.01,11922.96
1346,8816.84,1205.2,4999.91,9932.02,11923.33
1347,8816.88,1205.1,4999.08,9931.12,11926.73
1348,8816.71,1205.34,4999.08,9932.17,11926.07
1349,8817.54,1205.35,4998.6,9929.82,11926.51
1350,8816.67,1205.23,4997.77,9929.72,11927.36
1351,8815.89,1205.1,4997.77,9931.45,11925.22
1352,8816.65,1204.98,4998.17,9929.45,11924.35
1353,8816.24,1205.12,4998.64,9931.01,11924.49
1354,8816.47,1205.16,4998.86,9930.83,11923.58
1355,8816.36,1205.38,4998.53,9932.23,11922.24
1356,8815.94,1205.35,4998.01,9931.96,11921.98
1357,8816.29,1205.35,4998.33,9932.38,11923.05
1358,8817.67,1205.55,4998.12,9931.46,11924.74
1359,8817.28,1205.46,4998.81,9931.07,11924.08
1360,8817.31,1205.47,4999.92,9932.24,11924.65
1361,8817.36,1205.46,5000.16,9932.15,11923.98
1362,8816.48,1205.24,5000.1,9932.04,11921.95
1363,8817.59,1205.51,5000.1,9932.75,11921.42
1364,8815.96,1205.7,4999.99,9934.0,11919.94
1365,8816.67,1205.78,5000.91,9933.91,11918.05
1366,8816.01,1205.5,5000.88,9933.25,11917.48
1367,8817.03,1205.75,5000.81,9931.82,11916.99
1368,8815.71,1205.81,5000.89,9932.34,11917.57
1369,8815.54,1205.7,5001.41,9931.99,11917.0
1370,8813.73,1205.77,5001.03,9931.35,11916.56
1371,8813.92,1205.81,5001.46,9931.61,11913.45
1372,8813.02,1205.79,5001.64,9932.27,11914.23
1373,8813.08,1205.81,5001.11,9932.9,11914.57
1374,8812.33,1205.83,5001.74,9933.48,11914.94
1375,8811.63,1205.74,5001.02,9932.54,11914.41
1376,8811.32,1205.72,5001.42,9932.87,11915.44
1377,8812.48,1205.75,5001.57,9931.82,11915.23
1378,8812.47,1205.83,5001.98,9929.56,11914.19
1379,8811.07,1205.74,5002.44,9929.37,11913.0
1380,8810.33,1205.73,5002.7,9929.12,11914.2
1381,8810.82,1205.67,5002.17,9930.01,11914.61
1382,8811.44,1205.55,5001.26,9928.52,11913.1
1383,8810.36,1205.41,5001.47,9928.83,11913.15
1384,8811.21,1205.26,5002.02,9928.97,11913.66
1385,8810.66,1205.13,5002.28,9926.75,11911.26
1386,8811.27,1205.1,5002.59,9927.3,11912.3
1387,8811.8,1205.13,5002.51,9928.33,11913.57
1388,8810.65,1205.3,5001.96,9928.66,11914.08
1389,8811.55,1205.49,5001.4,9928.32,11914.13
1390,8812.38,1205.48,5001.41,9929.0,11914.48
1391,8813.37,1205.32,5002.24,9930.63,11914.92
1392,8811.04,1205.36,5002.31,9930.14,11914.06
1393,8812.55,1205.32,5002.11,9932.54,11912.57
1394,8812.65,1205.49,5001.79,9931.76,11915.27
1395,8811.67,1205.47,5002.33,9930.95,11915.85
1396,8811.12,1205.54,5002.58,9932.09,11917.01
1397,8812.05,1205.76,5001.74,9930.32,11917.04
1398,8812.13,1205.69,5002.2,9929.8,11917.79
1399,8811.89,1205.68,5003.12,9930.99,11917.19
1400,8812.25,1205.55,5003.8,9931.14,11916.1
1401,8811.38,1205.59,5003.33,9931.78,11915.6
1402,8810.07,1205.61,5004.04,9933.44,11916.8
1403,8809.77,1205.61,5003.6,9933.08,11915.21
1404,8809.24,1205.65,5003.75,9933.59,11914.3
1405,8807.76,1205.8,5004.61,9932.53,11914.98
1406,8808.08,1205.7,5004.23,9933.49,11915.04
1407,8809.55,1205.64,5005.02,9933.36,11915.18
1408,8809.54,1205.71,5005.78,9933.65,11917.24
1409,8810.07,1205.78,5006.17,9933.12,11917.21
1410,8810.21,1205.98,5005.73,9933.37,11915.82
1411,8811.3,1206.01,5005.69,9932.03,11914.17
1412,8810.91,1205.87,5005.27,9930.62,11914.65
1413,8810.7,1205.92,5006.21,9931.22,11914.71
1414,8809.99,1205.69,5006.98,9931.31,11915.32
1415,8809.11,1205.64,5007.04,9931.44,11917.55
1416,8808.06,1206.0,5006.58,9930.13,11918.24
1417,8808.59,1206.28,5005.79,9930.57,11917.36
1418,8808.75,1206.21,5005.43,9930.19,11917.15
1419,8808.82,1206.46,5005.19,9928.71,11917.26
1420,8808.13,1206.59,5004.68,9926.44,11917.41
1421,8807.06,1206.61,5004.69,9928.2,11920.54
1422,8807.61,1206.58,5004.54,9927.96,11921.64
1423,8806.65,1206.55,5004.21,9925.91,11921.16
1424,8806.97,1206.48,5004.49,9924.55,11920.57
1425,8807.48,1206.41,5004.12,9925.4,11919.7
1426,8807.08,1206.46,5004.82,9925.13,11920.76
1427,8807.54,1206.57,5005.23,9925.67,11920.62
1428,8807.33,1206.49,5005.24,9926.3,11918.41
1429,8806.25,1206.33,5006.07,9927.15,11918.99
1430,8806.68,1206.43,5006.5,9927.23,11917.7
1431,8807.17,1206.5,5005.51,9927.49,11917.71
1432,8808.81,1206.4,5005.61,9929.75,11918.57
1433,8809.25,1206.51,5005.55,9930.05,11919.32
1434,8809.22,1206.38,5005.76,9929.61,11919.34
1435,8808.98,1206.08,5005.29,9927.96,11920.29
1436,8808.61,1206.21,5005.52,9928.24,11918.01
1437,8807.41,1206.12,5006.61,9927.66,11919.54
1438,8807.74,1206.17,5007.4,9927.08,11917.61
1439,8808.35,1206.12,5007.47,9926.87,11917.97
1440,8805.96,1205.99,5006.97,9926.95,11919.54
1441,8806.85,1206.21,5007.41,9925.76,11918.55
1442,8804.44,1206.14,5007.28,9925.06,11917.39
1443,8803.63,1206.19,5007.6,9923.88,11917.23
1444,8803.18,1206.07,5007.7,9923.84,11915.1
1445,8805.17,1206.03,5007.46,9925.22,11915.14
1446,8804.67,1205.9,5007.8,9925.85,11914.09
1447,8805.16,1205.94,5008.41,9926.79,11914.47
1448,8803.67,1205.92,5009.26,9927.04,11914.25
1449,8802.52,1205.67,5008.65,9926.89,11911.02
1450,8801.78,1205.72,5007.99,9926.33,11910.53
1451,8803.12,1205.66,5008.09,9927.16,11912.4
1452,8802.71,1205.54,5009.19,9928.17,11910.98
1453,8801.81,1205.66,5009.08,9926.92,11911.85
1454,8802.44,1205.79,5009.11,9927.5,11913.15
1455,8801.89,1205.55,5008.61,9928.03,11912.26
1456,8800.59,1205.41,5008.07,9928.33,11911.67
1457,8801.52,1205.37,5008.37,9928.87,11912.12
1458,8800.73,1205.55,5008.73,9927.27,11911.53
1459,8801.87,1205.63,5008.44,9926.78,11911.62
1460,8802.67,1205.66,5008.29,9926.16,11913.47
1461,8803.19,1205.83,5008.26,9926.3,11913.66
1462,8803.09,1205.99,5008.39,9926.56,11912.43
1463,8801.23,1205.99,5008.63,9926.95,11912.8
1464,8802.21,1205.85,5009.22,9927.89,11911.87
1465,8801.39,1205.76,5008.7,9929.34,11911.56
1466,8799.92,1205.65,5007.79,9928.29,11912.15
1467,8800.62,1205.49,5006.83,9927.83,11913.98
1468,8799.76,1205.42,5006.54,9926.66,11916.06
1469,8799.9,1205.35,5007.06,9928.58,11915.68
1470,8799.02,1205.36,5007.36,9929.0,11914.01
1471,8799.11,1205.46,5007.4,9929.21,11915.38
1472,8797.71,1205.4,5007.27,9929.7,11915.81
1473,8798.6,1205.49,5007.25,9929.22,11915.87
1474,8799.03,1205.43,5007.84,9929.85,11914.04
1475,8799.07,1205.51,5008.79,9929.93,11912.02
1476,8799.13,1205.46,5008.8,9928.87,11911.26
1477,8798.61,1205.56,5008.81,9929.17,11911.89
1478,8796.65,1205.55,5009.11,9929.02,11911.56
1479,8795.88,1205.38,5009.34,9929.48,11912.92
1480,8796.44,1205.57,5009.67,9928.64,11913.51
1481,8796.48,1205.84,5009.87,9929.23,11914.41
1482,8795.18,1205.84,5009.91,9930.46,11916.01
1483,8793.57,1206.09,5010.01,9930.93,11913.44
1484,8792.41,1206.27,5009.2,9931.21,11913.37
1485,8793.74,1206.05,5009.15,9931.52,11913.46
1486,8794.13,1205.87,5010.25,9932.32,11915.52
1487,8794.7,1205.88,5009.58,9932.91,11913.8
1488,8795.48,1205.82,5009.8,9934.49,11915.31
1489,8794.84,1206.02,5009.2,9931.98,11915.47
1490,8794.62,1205.91,5008.45,9930.99,11914.55
1491,8794.18,1205.83,5009.56,9930.72,11915.59
1492,8792.94,1205.84,5009.64,9930.1,11916.16
1493,8792.08,1205.81,5008.65,9931.08,11916.45
1494,8793.25,1205.7,5009.62,9929.99,11915.14
1495,8792.44,1205.74,5009.34,9929.5,11914.69
1496,8792.63,1205.72,5009.99,9930.69,11914.27
1497,8790.98,1205.79,5010.25,9931.51,11914.78
1498,8790.46,1205.7,5010.1,9931.84,11916.33
1499,8790.15,1205.57,5010.06,9930.6,11918.53
1500,8788.59,1205.66,5009.65,9929.12,11918.66
1501,8788.72,1205.7,5009.47,9930.39,11916.7
1502,8788.18,1205.77,5009.81,9930.54,11915.79
1503,8789.52,1205.86,5009.74,9930.39,11917.23
1504,8789.11,1205.95,5008.43,9930.79,11915.96
1505,8790.46,1205.94,5007.85,9931.26,11915.17
1506,8788.81,1205.78,5008.6,9930.01,11915.73
1507,8787.44,1205.83,5008.86,9927.85,11915.56
1508,8785.77,1205.94,5008.13,9927.81,11917.06
1509,8786.4,1205.83,5008.78,9928.21,11920.33
1510,8786.81,1205.97,5008.2,9927.69,11921.83
1511,8787.56,1205.9,5008.9,9927.11,11922.7
1512,8787.32,1205.77,5008.66,9927.47,11923.3
1513,8786.82,1205.95,5008.38,9928.62,11925.07
1514,8787.59,1206.17,5009.18,9929.58,11923.26
1515,8788.89,1206.34,5009.07,9930.41,11922.93
1516,8787.84,1206.36,5009.51,9931.32,11922.7
1517,8786.29,1206.3,5009.19,9930.38,11924.68
1518,8787.22,1206.23,5008.84,9928.97,11924.15
1519,8787.41,1206.24,5009.51,9928.96,11926.53
1520,8787.45,1206.39,5010.22,9930.05,11927.23
1521,8788.12,1206.53,5010.27,9927.8,11927.68
1522,8789.06,1206.54,5011.28,9927.09,11929.28
1523,8788.12,1206.33,5011.55,9927.64,11929.05
1524,8790.07,1206.15,5011.25,9925.73,11928.71
1525,8789.8,1206.32,5010.66,9927.53,11927.75
1526,8789.39,1206.25,5010.28,9927.15,11928.43
1527,8789.08,1206.26,5010.27,9926.15,11928.64
1528,8788.35,1206.1,5010.01,9927.35,11926.33
1529,8788.34,1205.97,5010.42,9927.16,11924.99
1530,8788.27,1206.08,5010.77,9928.95,11927.62
1531,8788.78,1205.99,5011.16,9927.9,11928.92
1532,8789.06,1205.89,5011.81,9928.82,11928.44
1533,8790.15,1205.95,5012.23,9927.08,11929.69
1534,8789.5,1206.1,5012.33,9925.6,11930.16
1535,8789.5,1206.05,5012.08,9924.63,11929.81
1536,8789.34,1205.99,5012.32,9922.75,11931.06
1537,8788.77,1205.88,5012.47,9921.83,11927.94
1538,8788.04,1205.98,5012.8,9920.51,11927.58
1539,8787.3,1206.16,5012.45,9921.27,11928.47
1540,8787.44,1205.97,5011.92,9922.47,11928.11
1541,8787.53,1205.86,5012.1,9921.68,11927.6
1542,8788.98,1206.02,5011.94,9919.85,11926.59
1543,8788.07,1206.07,5012.07,9920.56,11927.51
1544,8789.21,1206.11,5012.16,9921.02,11928.39
1545,8790.15,1206.19,5011.13,9921.54,11928.09
1546,8789.95,1206.09,5010.31,9920.94,11926.77
1547,8790.44,1206.14,5009.85,9921.57,11929.5
1548,8792.04,1206.28,5009.06,9922.58,11929.22
1549,8791.87,1206.22,5009.45,9922.6,11929.55
1550,8791.98,1206.2,5009.24,9922.6,11929.86
1551,8792.74,1206.27,5009.1,9922.44,11931.21
1552,8793.29,1206.39,5009.03,9921.82,11931.51
1553,8793.8,1206.45,5009.58,9922.53,11931.13
1554,8793.29,1206.58,5009.64,9922.0,11930.86
1555,8794.52,1206.48,5009.35,9923.23,11930.19
1556,8794.6,1206.66,5009.28,9922.12,11929.79
1557,8795.34,1206.56,5008.98,9922.15,11930.43
1558,8795.66,1206.51,5008.92,9923.2,11930.07
1559,8797.5,1206.53,5008.49,9923.51,11930.38
1560,8797.13,1206.58,5008.47,9923.85,11930.44
1561,8797.55,1206.71,5007.81,9922.84,11927.95
1562,8795.07,1206.8,5007.2,9921.59,11927.74
1563,8794.7,1206.83,5006.8,9922.25,11927.55
1564,8793.92,1206.91,5005.79,9923.21,11927.57
1565,8794.65,1206.98,5005.24,9923.08,11926.94
1566,8795.82,1207.14,5005.31,9922.92,11924.73
1567,8795.36,1207.22,5004.87,9922.98,11924.78
1568,8795.93,1207.26,5005.04,9922.83,11923.95
1569,8795.73,1207.29,5005.0,9922.62,11921.88
1570,8795.64,1207.23,5005.23,9922.83,11922.77
1571,8795.2,1207.42,5005.62,9922.97,11923.93
1572,8795.94,1207.2,5004.87,9921.79,11920.52
1573,8796.56,1207.36,5005.04,9923.28,11918.78
1574,8796.18,1207.36,5004.77,9924.64,11917.23
1575,8796.23,1207.31,5005.54,9924.12,11918.26
1576,8796.32,1207.3,5005.8,9926.51,11917.81
1577,8797.09,1207.01,5006.49,9925.33,11917.83
1578,8797.88,1206.99,5006.16,9924.61,11918.47
1579,8799.11,1206.98,5006.13,9922.07,11920.22
1580,8799.08,1207.01,5006.72,9921.21,11920.83
1581,8798.16,1207.11,5007.1,9921.68,11920.03
1582,8797.8,1207.13,5006.72,9921.88,11919.54
1583,8799.4,1207.12,5006.18,9921.76,11919.16
1584,8799.71,1207.01,5007.21,9922.67,11920.14
1585,8799.49,1206.94,5006.62,9925.31,11920.78
1586,8800.51,1206.79,5006.33,9923.8,11921.84
1587,8800.12,1206.66,5006.63,9922.76,11922.62
1588,8800.04,1206.61,5006.41,9922.76,11922.91
1589,8800.91,1206.5,5005.72,9924.26,11921.67
1590,8801.91,1206.41,5006.31,9924.91,11921.78
1591,8803.2,1206.35,5005.43,9925.88,11923.92
1592,8801.14,1206.4,5005.92,9925.74,11923.02
1593,8801.8,1206.58,5005.32,9926.41,11923.0
1594,8803.29,1206.75,5005.97,9927.25,11925.34
1595,8802.54,1206.74,5006.19,9927.94,11927.27
1596,8801.47,1206.76,5006.15,9928.0,11927.26
1597,8803.32,1206.58,5006.85,9926.79,11927.28
1598,8802.76,1206.69,5006.38,9928.18,11928.63
1599,8803.14,1206.59,5005.93,9926.11,11927.48
1600,8802.67,1206.8,5006.89,9926.72,11930.04
1601,8801.92,1206.74,5006.71,9925.69,11930.62
1602,8802.54,1206.69,5007.1,9925.59,11930.51
1603,8803.25,1206.73,5006.98,9923.83,11930.44
1604,8804.44,1206.76,5007.09,9922.12,11931.83
1605,8802.99,1206.9,5007.44,9920.31,11932.41
1606,8803.9,1206.86,5007.78,9920.24,11930.94
1607,8802.42,1207.07,5008.32,9921.06,11930.68
1608,8801.44,1207.11,5008.54,9920.23,11930.03
1609,8800.91,1207.33,5007.94,9919.05,11932.62
1610,8800.74,1207.2,5007.45,9918.2,11933.79
1611,8799.58,1207.19,5006.92,9918.65,11934.48
1612,8799.53,1207.14,5006.84,9921.73,11935.26
1613,8799.78,1207.11,5007.06,9922.25,11934.67
1614,8800.93,1206.99,5007.0,9920.9,11932.5
1615,8799.86,1207.04,5007.05,9921.65,11934.18
1616,8799.21,1207.02,5007.77,9922.13,11934.35
1617,8798.27,1207.13,5007.07,9922.09,11935.83
1618,8799.31,1207.47,5007.45,9921.83,11936.23
1619,8799.43,1207.57,5007.33,9921.21,11936.27
1620,8800.32,1207.45,5007.6,9921.41,11936.03
1621,8800.56,1207.45,5007.69,9921.29,11937.48
1622,8801.89,1207.49,5007.89,9918.15,11937.69
1623,8800.02,1207.33,5008.67,9918.92,11936.5
1624,8801.07,1207.3,5008.44,9919.87,11936.69
1625,8801.06,1207.42,5008.13,9921.26,11936.55
1626,8802.08,1207.26,5008.32,9921.86,11936.27
1627,8801.91,1207.54,5008.3,9923.12,11937.13
1628,8802.02,1207.52,5008.08,9922.76,11936.15
1629,8802.93,1207.75,5008.92,9922.15,11934.82
1630,8802.64,1207.85,5010.02,9924.17,11936.24
1631,8801.67,1207.91,5010.06,9923.79,11937.27
1632,8800.78,1207.8,5009.87,9923.74,11939.03
1633,8801.29,1207.69,5010.32,9923.02,11939.75
1634,8801.75,1207.71,5010.46,9923.63,11939.38
1635,8801.38,1207.64,5010.78,9923.29,11938.31
1636,8800.96,1207.49,5009.53,9923.04,11937.83
1637,8800.92,1207.52,5009.29,9921.32,11938.26
1638,8801.82,1207.3,5009.14,9921.41,11937.88
1639,8801.61,1207.69,5009.45,9921.16,11937.5
1640,8801.16,1207.49,5010.51,9920.26,11936.93
1641,8801.26,1207.6,5010.03,9921.62,11936.5
1642,8800.56,1207.67,5010.07,9923.89,11936.77
1643,8801.06,1207.7,5009.9,9923.08,11937.27
1644,8800.94,1207.61,5009.76,9923.4,11939.06
1645,8801.82,1207.52,5009.8,9923.03,11939.35
1646,8802.91,1207.74,5010.86,9923.98,11938.01
1647,8804.36,1207.76,5010.04,9925.83,11939.71
1648,8804.88,1207.65,5009.51,9926.67,11937.1
1649,8804.6,1207.7,5010.62,9926.54,11937.85
1650,8805.16,1207.79,5010.66,9928.63,11938.54
1651,8805.24,1208.01,5011.07,9929.21,11936.26
1652,8806.67,1207.91,5010.2,9931.02,11936.61
1653,8807.57,1207.91,5010.6,9930.37,11937.99
1654,8808.09,1208.02,5010.96,9928.94,11937.54
1655,8808.63,1208.17,5011.77,9929.26,11939.17
1656,8808.98,1208.44,5011.73,9928.92,11936.49
1657,8809.99,1208.4,5011.43,9928.08,11936.39
1658,8811.09,1208.3,5010.59,9926.89,11937.18
1659,8810.56,1208.28,5010.83,9926.13,11937.18
1660,8810.3,1208.21,5010.69,9925.09,11936.28
1661,8812.1,1208.04,5010.86,9926.01,11937.78
1662,8811.79,1208.04,5010.77,9926.59,11939.0
1663,8812.78,1207.95,5010.07,9925.11,11938.17
1664,8813.56,1207.81,5010.73,9925.89,11938.78
1665,8813.71,1207.72,5009.94,9926.47,11938.06
1666,8813.96,1207.57,5009.59,9927.16,11935.93
1667,8814.22,1207.56,5009.57,9929.13,11937.78
1668,8814.84,1207.6,5009.84,9927.25,11938.2
1669,8814.81,1207.3,5010.29,9927.04,11938.7
1670,8814.28,1207.44,5010.75,9926.72,11939.25
1671,8814.46,1207.32,5010.56,9927.22,11938.91
1672,8812.82,1207.28,5010.67,9927.44,11940.01
1673,8813.66,1207.2,5010.59,9927.06,11940.17
1674,8814.5,1207.12,5010.31,9928.44,11940.89
1675,8813.64,1206.98,5010.82,9929.02,11940.89
1676,8814.22,1206.98,5010.49,9929.55,11940.69
1677,8813.3,1207.14,5010.38,9929.14,11940.0
1678,8812.75,1207.23,5010.22,9929.37,11939.91
1679,8811.64,1207.16,5010.72,9928.75,11939.82
1680,8810.08,1206.97,5009.85,9927.57,11938.84
1681,8808.57,1207.11,5010.05,9927.15,11940.52
1682,8808.06,1207.08,5009.75,9926.52,11939.49
1683,8808.65,1206.91,5009.16,9925.43,11940.65
1684,8808.58,1206.96,5008.78,9924.06,11940.74
1685,8807.08,1207.03,5008.93,9925.28,11941.18
1686,8806.72,1206.82,5008.5,9925.88,11942.97
1687,8805.4,1206.74,5008.37,9925.46,11942.64
1688,8806.11,1206.68,5007.99,9927.61,11943.0
1689,8804.95,1206.85,5008.5,9925.63,11945.53
1690,8803.15,1206.92,5008.0,9925.61,11945.36
1691,8803.02,1207.0,5007.72,9927.15,11944.64
1692,8803.02,1206.9,5007.91,9927.58,11944.26
1693,8804.35,1206.98,5007.56,9925.56,11941.88
1694,8805.46,1207.04,5007.26,9925.55,11942.0
1695,8807.2,1206.83,5008.28,9925.5,11939.87
1696,8808.32,1207.07,5008.0,9924.43,11939.33
1697,8808.24,1207.08,5007.79,9923.51,11940.26
1698,8810.2,1207.03,5007.97,9924.69,11939.51
1699,8811.27,1207.01,5007.97,9925.13,11938.61
1700,8811.16,1207.1,5008.23,9924.42,11939.0
1701,8810.61,1207.09,5008.73,9924.81,11937.32
1702,8809.43,1207.15,5009.21,9924.07,11938.15
1703,8810.9,1206.99,5008.78,9924.73,11936.5
1704,8810.81,1207.08,5008.15,9925.09,11937.68
1705,8810.58,1207.04,5008.75,9925.65,11938.15
1706,8808.67,1207.01,5009.6,9924.59,11938.54
1707,8808.12,1206.85,5009.39,9923.72,11938.07
1708,8809.09,1206.93,5009.04,9923.26,11937.86
1709,8807.88,1206.92,5009.45,9923.37,11936.94
1710,8808.53,1206.98,5008.99,9923.43,11938.19
1711,8810.06,1206.85,5008.95,9922.24,11936.75
1712,8810.97,1206.96,5009.28,9921.78,11936.52
1713,8810.51,1207.06,5009.69,9922.75,11937.05
1714,8810.04,1207.22,5009.4,9923.29,11938.23
1715,8808.55,1207.08,5009.6,9922.03,11937.47
1716,8809.67,1207.35,5009.19,9921.51,11937.86
1717,8807.2,1207.24,5010.01,9922.47,11937.14
1718,8807.74,1206.82,5009.99,9920.96,11936.81
1719,8808.87,1207.05,5009.72,9921.05,11933.82
1720,8808.61,1207.13,5009.69,9920.44,11933.9
1721,8809.72,1207.18,5009.6,9921.96,11934.81
1722,8810.33,1207.08,5010.15,9922.22,11933.47
1723,8810.26,1207.0,5009.27,9921.71,11932.61
1724,8809.4,1206.96,5008.87,9921.49,11932.65
1725,8808.64,1206.82,5009.15,9921.61,11932.01
1726,8808.97,1206.65,5007.85,9922.79,11929.74
1727,8808.85,1206.65,5007.87,9923.69,11930.63
1728,8808.36,1206.53,5007.52,9924.71,11929.82
1729,8810.16,1206.49,5007.19,9924.59,11928.83
1730,8808.67,1206.58,5006.19,9923.82,11927.21
1731,8807.76,1206.62,5006.99,9925.66,11927.38
1732,8808.44,1206.59,5007.2,9925.57,11924.8
1733,8808.05,1206.74,5007.03,9925.58,11925.05
1734,8809.04,1206.93,5005.79,9923.34,11926.5
1735,8809.36,1206.9,5006.44,9923.9,11925.92
1736,8811.01,1207.13,5006.18,9923.22,11925.52
1737,8812.82,1207.12,5005.34,9923.19,11923.35
1738,8812.66,1206.91,5004.88,9922.87,11923.56
1739,8813.31,1206.88,5004.89,9922.34,11924.77
1740,8811.82,1206.98,5004.45,9922.36,11924.71
1741,8811.7,1206.9,5004.35,9922.75,11924.24
1742,8811.77,1206.97,5004.39,9923.13,11926.05
1743,8811.4,1206.97,5003.56,9924.58,11927.84
1744,8811.45,1207.07,5003.76,9924.84,11928.71
1745,8811.19,1207.19,5003.84,9923.21,11929.17
1746,8810.48,1207.32,5002.94,9921.93,11929.01
1747,8811.94,1207.4,5003.39,9924.12,11929.2
1748,8810.81,1207.21,5002.88,9922.79,11928.07
1749,8810.56,1207.12,5003.75,9922.83,11928.92
